ああ,1,アア,0
藍,1,アイ,0
愛,1,アイ,0
愛苦しい,4,アイクルシイ,0
愛国,1,アイコ,0
愛国,1,アイコク,0
愛国者,4,アイコクシャ,0
あいさ,1,アイサ,0
挨拶する,0,アイサツスル,0
愛す,2,アイス,0
愛する,3,アイスル,0
愛想,1,アイソウ,0
間,1,アイダ,0
あいつ,2,アイツ,0
合ふ,1,アウ,0
青,0,アオ,0
青い,1,アオイ,0
青色,3,アオイロ,0
青じ,2,アオジ,0
青染む,3,アオジム,0
垢,1,アカ,0
赤,0,アカ,0
赤い,1,アカイ,0
赤色,3,アカイロ,0
赤子,2,アカゴ,0
明かす,1,アカス,0
明かす,0,アカズ,0
赤ちゃん,1,アカチャン,0
赤旗,3,アカハタ,0
あかへん,1,アカヘン,0
明かり,1,アカリ,0
明るい,2,アカルイ,0
あかん,1,アカン,0
赤sheet,2,アカシート,0
赤pen,3,アカペン,0
上がる,1,アガル,0
安芸,1,アキ,0
商ひ,2,アキナイ,0
商ふ,1,アキナウ,0
諦める,1,アキラメル,0
飽きる,2,アキル,0
商人,1,アキンド,0
開く,1,アク,0
赤口,1,アクチ,0
明け,1,アケ,0
開ける,1,アケル,0
揚げ,1,アゲ,0
上げる,1,アゲル,0
彼処,0,アコ,0
顎,1,アゴ,0
麻,1,アサ,0
浅い,1,アサイ,0
朝ご飯,2,アサゴハン,0
浅瀬,2,アサセ,0
明後日,3,アサッテ,0
痣,1,アザ,0
欺く,1,アザムク,0
足,1,アシ,0
明日,1,アシタ,0
足長蜂,3,アシナガバチ,0
味,1,アジ,0
味無い,2,アジナイ,0
明日,1,アス,0
飛鳥,1,アスカ,0
小豆,1,アズキ,0
汗,0,アセ,0
阿蘇,1,アソ,0
彼処,2,アソコ,0
遊ぶ,2,アソブ,0
与へる,1,アタエル,0
温かい,3,アタタカイ,0
暖かさ,4,アタタカサ,0
温かみ,1,アタタカミ,0
温める,1,アタタメル,0
頭,1,アタマ,0
新しい,3,アタラシイ,0
当たる,1,アタル,0
仇,1,アダ,0
彼方,2,アチラ,0
彼方,2,アッチ,0
厚い,1,アツイ,0
熱さ,1,アツサ,0
集まる,1,アツマル,0
集める,1,アツメル,0
充て,1,アテ,0
当てる,1,アテル,0
後,1,アト,0
後先,1,アトサキ,0
穴,1,アナ,0
あない,1,アナイ,0
貴方,2,アナタ,0
豈,1,アニ,0
兄,1,アニイ,0
兄貴,1,アニキ,0
姉,1,アネ,0
姉さん,1,アネサン,0
姉貴,1,アネキ,0
あの,1,アノ,0
浴びせる,1,アビセル,0
浴びる,1,アビル,0
虻,0,アブ,0
脂,1,アブラ,0
脂身,1,アブラミ,0
油虫,2,アブラムシ,0
尼,1,アマ,0
甘い,1,アマイ,0
雨傘,1,アマガサ,0
雨宿り,2,アマヤドリ,0
余り,1,アマリ,0
余る,1,アマル,0
網,1,アミ,0
編む,1,アム,0
飴,1,アメ,0
水黽,3,アメンボ,0
あも,1,アモ,0
綾,1,アヤ,0
誤った,4,アヤマッタ,0
誤る,1,アヤマル,0
鮎,0,アユ,0
歩む,1,アユム,0
粗,1,アラ,0
洗う,1,アラウ,0
予め,4,アラカジメ,0
荒くたい,3,アラクタイ,0
嵐,1,アラシ,0
荒らす,1,アラス,0
争ふ,1,アラソウ,0
新た,1,アラタ,0
改める,1,アラタメル,0
あらへん,1,アラヘン,0
表す,1,アラワス,0
表れる,1,アラワレル,0
蟻,1,アリ,0
有り難い,3,アリガタイ,0
有り難う,3,アリガトウ,0
蟻地獄,3,アリジゴク,0
有る,1,アル,0
歩く,2,アルク,0
荒れ,1,アレ,0
泡,1,アワ,0
淡い,1,アワイ,0
粟粔籹,3,アワオコシ,0
合はさる,1,アワサル,0
淡路,1,アワジ,0
淡路島,2,アワジシマ,0
合わす,1,アワス,0
合わす,0,アワズ,0
鮑,1,アワビ,0
哀れ,1,アワレ,0
あん,1,アン,0
兄さん,1,アンサン,0
安全,1,アンシン,0
安心する,0,アンシンスル,0
味良う,2,アンジョウ,0
貴方,2,アンタ,0
あんな,1,アンナ,0
案内する,0,アンナイスル,0
あんまり,1,アンマリ,0
井,0,イ,0
飯,1,イイ,0
言ふ,1,イウ,0
言え,1,イエ,0
庵,1,イオ,0
烏賊,1,イカ,0
如何,1,イカガ,0
如何わしい,4,イカガワシイ,0
生かす,2,イカス,0
如何なる,1,イカナル,0
如何に,1,イカニ,0
斑鳩,1,イカルガ,0
いかん,1,イカン,0
伊賀,1,イガ,0
貽貝,2,イガイ,0
壱岐,1,イキ,0
生き物,2,イキモノ,0
生きる,2,イキル,0
生き甲斐,3,イキガイ,0
行く,1,イク,0
幾つ,2,イクツ,0
幾つか,2,イクツカ,0
幾ら,2,イクラ,0
池,1,イケ,0
いけず,1,イケズ,0
いけず石,2,イケズイシ,0
池田,1,イケダ,0
諍ふ,1,イサカウ,0
率川,1,イサガワ,0
誘,1,イザ,0
石,1,イシ,0
礎,1,イシズエ,0
石蚤,1,イシノミ,0
医者,1,イシャ,0
虐める,1,イジメル,0
意地悪,3,イジワル,0
椅子,1,イス,0
伊豆,0,イズ,0
何処,1,イズコ,0
泉,1,イズミ,0
何れ,2,イズレ,0
伊勢,1,イセ,0
磯,1,イソ,0
忙しい,3,イソガシイ,0
石上,1,イソガミ,0
急ぐ,1,イソグ,0
板,1,イタ,0
頂きます,1,イタダキマス,0
頂く,1,イタダク,0
至る,1,イタル,0
市,1,イチ,0
一日,3,イチニチ,0
市場,1,イチバ,0
一番,0,イチバン,0
いちびり,2,イチビリ,0
いちびる,1,イチビル,0
一緒,2,イッショ,0
五,1,イツ,0
五日,1,イツカ,0
五人,2,イツタリ,0
五つ,1,イツツ,0
偽り,1,イツワリ,0
偽る,1,イツワル,0
いてまう,1,イテマウ,0
いと,1,イト,0
糸蒟,3,イトコン,0
糸蒟蒻,2,イトコンニャク,0
井戸,0,イド,0
井戸替え,3,イドガエ,0
田舎,1,イナカ,0
蝗,1,イナゴ,0
往ぬ,1,イヌ,0
いのく,1,イノク,0
猪,1,イノシシ,0
命,1,イノチ,0
疣,1,イボ,0
居間,1,イマ,0
今い,1,イマイ,0
未だ,2,イマダ,0
今出川,2,イマデガワ,0
意味,1,イミ,0
芋,1,イモ,0
妹,1,イモウト,0
井守,1,イモリ,0
嫌,1,イヤ,0
卑しい,2,イヤシイ,0
伊予,0,イヨ,0
いらう,1,イラウ,0
いらち,1,イラチ,0
いらっしゃる,1,イラッシャル,0
入り口,1,イリグチ,0
いる,1,イル,0
入れ物,1,イレモノ,0
入れる,1,イレル,0
色,1,イロ,0
色々,0,イロイロ,0
彩り,1,イロドリ,0
彩る,1,イロドル,0
岩,1,イワ,0
祝い,1,イワイ,0
巌,1,イワオ,0
岩粔籹,3,イワオコシ,0
曰く,1,イワク,0
鰯,1,イワシ,0
磐余,1,イワレ,0
石石？,1,インジャン,0
卯,0,ウ,0
憂い,1,ウイ,0
植ゑ,1,ウエ,0
植木,1,ウエキ,0
植木屋,1,ウエキヤ,0
植ゑる,1,ウエル,0
魚,1,ウオ,0
伺ふ,1,ウカガウ,0
浮かぶ,1,ウカブ,0
浮かべる,1,ウカベル,0
受かる,1,ウカル,0
浮藻,1,ウキモ,0
浮く,1,ウク,0
承る,5,ウケタマワル,0
受ける,2,ウケル,0
動かす,1,ウゴカス,0
動く,1,ウゴク,0
憂さ,1,ウサ,0
兎,2,ウサギ,0
うざい,1,ウザイ,0
牛,1,ウシ,0
後ろ,1,ウシロ,0
氏,1,ウジ,0
臼,1,ウス,0
薄い,1,ウスイ,0
薄さ,1,ウスサ,0
薄っぺらい,4,ウスッペライ,0
嘘,1,ウソ,0
歌,1,ウタ,0
歌ふ,1,ウタウ,0
疑ふ,1,ウタガウ,0
内,1,ウチ,0
内側,1,ウチガワ,0
うっかり,2,ウッカリ,0
うっかり者,5,ウッカリモノ,0
内所,1,ウットコ,0
打つ,1,ウツ,0
美しい,3,ウツクシイ,0
映す,1,ウツス,0
現,1,ウツツ,0
映る,1,ウツル,0
器,1,ウツワ,0
台,2,ウテナ,0
腕,1,ウデ,0
腕時計,3,ウデドケイ,0
独活,1,ウド,0
鰻,2,ウナギ,0
海胆,1,ウニ,0
畝,1,ウネ,0
畝傍,1,ウネビ,0
乳母,1,ウバ,0
奪ふ,1,ウバウ,0
宜,1,ウベ,0
馬,1,ウマ,0
上手い,1,ウマイ,0
馬追,1,ウマオイ,0
上手く,1,ウマク,0
生まれ変わる,1,ウマレカワル,0
生まれる,1,ウマレル,0
生む,1,ウミ,0
海辺,2,ウミベ,0
梅,1,ウメ,0
梅田,2,ウメダ,0
裏,1,ウラ,0
売り,1,ウリ,0
売る,1,ウル,0
潤ひ,1,ウルオイ,0
潤ふ,1,ウルオウ,0
嬉しい,2,ウレシイ,0
鱗,1,ウロコ,0
上着,1,ウワギ,0
上靴,1,ウワグツ,0
噂,1,ウワサ,0
運転手,3,ウンテンシュ,0
運転する,0,ウンテンスル,0
運動会,3,ウンドウカイ,0
柄,0,エ,0
鰩など,1,エイ,0
映画,1,エイガ,0
映画館,3,エイガカン,0
英語,1,エイゴ,0
良い衆,2,エエシ,0
笑顔,1,エガオ,0
駅,1,エキ,0
駅員,1,エキイン,0
液体,1,エキタイ,0
餌,1,エサ,0
蝦夷,1,エゾ,0
枝,1,エダ,0
えて公,1,エテコウ,0
愛媛,1,エヒメ,0
海老,1,エビ,0
戎,1,エビス,0
戎さん,1,エベッサン,0
笑む,1,エム,0
偉-,1,エラ-,0
偉い,1,エライ,0
偉く,1,エラク,0
選ぶ,1,エラブ,0
襟,1,エリ,0
得る,1,エル,0
円,1,エン,0
鉛筆,1,エンピツ,0
遠慮する,0,エンリョスル,0
男,0,オ,0
御揚げ,2,オアゲ,0
甥,1,オイ,0
多い,2,オイイ,0
美味しい,2,オイシイ,0
生ひ茂る,1,オイシゲル,0
御忙しい,3,オイソガシイ,0
御芋,2,オイモ,0
御祝い,3,オイワイ,0
追ふ,1,オウ,0
御伺ひ,4,オウカガイ,0
扇,1,オウギ,0
朸,1,オウゴ,0
近江,1,オウミ,0
終へる,1,オエル,0
多い,1,オオイ,0
大江橋,3,オオエバシ,0
大きい,2,オオキイ,0
大きな,1,オオキナ,0
大きに,2,オオキニ,0
大阪,1,オオサカ,0
大阪焼き,1,オオサカヤキ,0
大阪大学,5,オオサカダイガク,0
大阪湾,4,オオサカワン,0
雄々しい,2,オオシイ,0
大勢,0,オオゼイ,0
大入道,5,オオニュウドウ,0
岡,1,オカ,0
お母さん,1,オカアサン,0
御陰,2,オカゲ,0
お菓子,1,オカシ,0
御数,2,オカズ,0
お金,2,オカネ,0
岡山,1,オカヤマ,0
御母,1,オカン,0
沖,1,オキ,0
起きる,2,オキル,0
荻,1,オギ,0
置く,1,オク,0
奥さん,1,オクサン,0
送る,1,オクル,0
遅れる,1,オクレル,0
桶,0,オケ,0
螻蛄,2,オケラ,0
お越し,2,オコシ,0
お越しやす,3,オコシヤス,0
起こす,1,オコス,0
虎魚,1,オコゼ,0
行ふ,1,オコナウ,0
御好み焼き,5,オコノミヤキ,0
御米,2,オコメ,0
怒る,1,オコル,0
筬,1,オサ,0
御酒,2,オサケ,0
収まる,1,オサマル,0
歩行虫,1,オサムシ,0
治める,1,オサメル,0
お皿,2,オサラ,0
唖,1,オシ,0
惜しい,1,オシイ,0
教へる,1,オシエル,0
鴛鴦,1,オシドリ,0
御知らせ,3,オシラセ,0
お尻,1,オシリ,0
伯父,1,オジ,0
伯父さん,1,オジサン,0
押す,1,オス,0
御奨め,3,オススメ,0
お世話,1,オセワ,0
恐らく,2,オソラク,0
恐れる,1,オソレル,0
恐ろしい,3,オソロシイ,0
教はる,1,オソワル,0
御尋ね,3,オタズネ,0
おたやん,1,オタヤン,0
落ち,1,オチ,0
陥る,3,オチイル,0
落ち込む,3,オチコム,0
お茶,1,オチャ,0
落ちる,2,オチル,0
おっさん,1,オッサン,0
仰る,1,オッシャル,0
夫,1,オット,0
御告げ,2,オツゲ,0
御釣り,2,オツリ,0
御手隙,3,オテスキ,0
御寺,2,オテラ,0
音,1,オト,0
お父さん,1,オトウサン,0
弟,1,オトウト,0
男,1,オトコ,0
男の子,3,オトコノコ,0
落とす,1,オトス,0
一昨日,2,オトツイ,0
一昨日,0,オトトイ,0
一昨年,0,オトトシ,0
大人,2,オトナ,0
御隣,2,オトナリ,0
乙女,1,オトメ,0
音羽の滝,1,オトワノタキ,0
御父,1,オトン,0
踊る,1,オドル,0
驚く,1,オドロク,0
御腹,2,オナカ,0
同じ,2,オナジ,0
御縄,2,オナワ,0
鬼,1,オニ,0
お兄さん,1,オニイサン,0
お姉さん,1,オネエサン,0
御願ひ,3,オネガイ,0
斧,1,オノ,0
己,2,オノレ,0
御箸,2,オハシ,0
御囃子,3,オハヤシ,0
御早う,2,オハヨウ,0
御早う御帰り,2,オハヨウオカエリ,0
御祓ひ,3,オハライ,0
伯母,1,オバ,0
伯母さん,1,オバサン,0
帯,1,オビ,0
御札,2,オフダ,0
お風呂,1,オフロ,0
お弁当,3,オベントウ,0
覚える,1,オボエル,0
溺れる,1,オボレル,0
御前,2,オマエ,0
御待ち遠様,6,オマチドオサマ,0
おまっとさん,5,オマットサン,0
御祭,3,オマツリ,0
おまはん,3,オマハン,0
御巡りさん,1,オマワリサン,0
御見受け,3,オミウケ,0
御店,2,オミセ,0
御宮参り,3,オミヤマイリ,0
おめでとう,3,オメデトウ,0
面,1,オモ,0
重い,1,オモイ,0
思ふ,1,オモウ,0
重々しい,4,オモオモシイ,0
面白い,3,オモシロイ,0
御餅,2,オモチ,0
思て,1,オモテ,0
おもろい,2,オモロイ,0
思はく,1,オモワク,0
おもんない,3,オモンナイ,0
親,1,オヤ,0
御湯,1,オユ,0
泳ぐ,1,オヨグ,0
檻,1,オリ,0
降りる,2,オリル,0
居る,1,オル,0
俺,1,オレ,0
俺様,3,オレサマ,0
愚か,1,オロカ,0
下ろす,1,オロス,0
お分かり,3,オワカリ,0
終わった,1,オワッタ,0
終はり,1,オワリ,0
終はる,1,オワル,0
音楽（教科名）,1,オンガク,0
己,3,オンドレ,0
女,1,オンナ,0
おんなじ,3,オンナジ,0
女の子,3,オンナノコ,0
御饂飩,2,オウドン,0
御経,2,オキョウ,0
御釈迦,2,オシャカ,0
御釈迦様,3,オシャカサマ,0
和尚,1,オショウ,0
御正月,3,オショウガツ,0
御辞儀,2,オジギ,0
御地蔵,3,オジゾウ,0
御邪魔,2,オジャマ,0
御節料理,3,オセチリョウリ,0
御太子様,1,オタイシサマ,0
御茶,1,オチャ,0
御堂,2,オドウ,0
御不動さん,1,オフドウサン,0
おベントウ,3,オベントウ,0
御盆,1,オボン,0
御礼,2,オレイ,0
可,1,カ,0
蚊,0,カ,0
か,0,カ,0
母さん,1,カアサン,0
峡,1,カイ,0
榧,1,カイ,0
貝殻,3,カイガラ,0
会議,1,カイギ,0
会社,2,カイシャ,0
会社員,2,カイシャイン,0
怪獣,1,カイジュウ,0
階段,1,カイダン,0
買い物,1,カイモノ,0
買ふ,0,カウ,0
買う,1,カウ,0
返す,1,カエス,0
変へる,1,カエル,0
蛙,2,カエル,0
帰る,0,カエル,0
顔,1,カオ,0
香り,1,カオリ,0
香る,1,カオル,0
嬶,1,カカ,0
掛かる,1,カカル,0
加賀,1,カガ,0
鏡,2,カガミ,0
鏡餅,2,カガミモチ,0
屈む,1,カガム,0
柿,1,カキ,0
垣,1,カキ,0
書き,1,カキ,0
牡蠣,0,カキ,0
鍵,1,カギ,0
限る,1,カギリ,0
限り,1,カギリ,0
斯く,1,カク,0
隠す,2,カクス,0
確認する,0,カクニンスル,0
隠れる,3,カクレル,0
掻く,0,カク,0
喚く,0,カク,0
嗅ぐ,1,カグ,0
神楽,1,カグラ,0
掛ける,2,カケル,0
嗅げ,1,カゲ,0
陽炎,1,カゲロウ,0
駕,1,カゴ,0
傘,1,カサ,0
風上,1,カザカミ,0
風下,1,カザシモ,0
風向き,1,カザムキ,0
飾り,1,カザリ,0
飾る,1,カザル,0
限る,0,カザル,0
貸し,1,カシ,0
賢い,2,カシコイ,0
橿原,1,カシハラ,0
歌手,1,カシュ,0
柏,1,カシワ,0
楫,1,カジ,0
梶木,1,カジキ,0
貸す,1,カス,0
春日,1,カスガ,0
数,1,カズ,0
風,1,カゼ,0
数へる,1,カゾエル,0
家族,1,カゾク,0
型,1,カタ,0
固い,1,カタイ,0
担げる,1,カタゲル,0
片付け,3,カタヅケ,0
片付ける,1,カタヅケル,0
刀,2,カタナ,0
交野,1,カタノ,0
固まる,1,カタマル,0
傾く,1,カタムク,0
片輪,1,カタワ,0
片仮名,2,カタカナ,0
堅気,1,カタギ,0
勝ち,1,カチ,0
勝ち負け,1,カチマケ,0
課長,1,カチョウ,0
勝手,1,カッテ,0
且つ,1,カツ,0
鰹,1,カツオ,0
嘗て,1,カツテ,0
活動,1,カツドウ,0
葛城,1,カツラギ,0
糧,1,カテ,0
家庭,2,カテイ,0
角,1,カド,0
門真,1,カドマ,0
叶ふ,1,カナウ,0
甲虫,3,カナブン,0
必ず,2,カナラズ,0
可也,1,カナリ,0
かなん,1,カナン,0
蟹,1,カニ,0
金,1,カネ,0
鉦叩,3,カネタタキ,0
兼ねる,2,カネル,0
彼の,1,カノ,0
鹿の子,1,カノコ,0
彼女,1,カノジョ,0
彼女等,1,カノジョラ,0
黴,1,カビ,0
黴びる,1,カビル,0
花瓶,1,カビン,0
兜,1,カブト,0
兜虫,2,カブトムシ,0
被る,1,カブル,0
壁,1,カベ,0
窯,1,カマ,0
蟷螂,2,カマキリ,0
蟷螂擬,4,カマキリモドキ,0
竈,1,カマド,0
竈馬,2,カマドウマ,0
かまへん,1,カマヘン,0
上,1,カミ,0
上方,1,カミガタ,0
髪切虫,3,カミキリムシ,0
神棚,1,カミダナ,0
髪の毛,3,カミノケ,0
神信心,3,カミシンジン,0
噛む,1,カム,0
神名備,1,カムナビ,0
瓶,1,カメ,0
かめへん,1,カメヘン,0
亀虫,1,カメムシ,0
鴨,0,カモ,0
鴨川,1,カモガワ,0
蚊帳,1,カヤ,0
粥,1,カユ,0
通ふ,1,カヨウ,0
火曜日,1,カヨウビ,0
唐,1,カラ,0
辛い,1,カライ,0
烏,2,カラス,0
烏丸,3,カラスマ,0
体,1,カラダ,0
仮,1,カリ,0
仮に,1,カリニ,0
借りる,1,カリル,0
借る,1,カル,0
軽い,1,カルイ,0
軽々しい,4,カルガルシイ,0
枯れ,1,カレ,0
枯れ欅,3,カレケヤキ,0
枯れた,1,カレタ,0
彼等,1,カレラ,0
枯れる,1,カレル,0
川,1,カワ,0
可愛い,2,カワイイ,0
乾いた,2,カワイタ,0
獺,1,カワウソ,0
乾かす,1,カワカス,0
乾き,2,カワキ,0
乾く,1,カワク,0
川螻蛄,1,カワゲラ,0
蛙,1,カワズ,0
河内,1,カワチ,0
川蜷,1,カワニナ,0
河原町,3,カワラマチ,0
替わりべんたん,4,カワリベンタン,0
変わる,1,カワル,0
考へる,1,カンガエル,0
関空,1,カンクウ,0
韓国,1,カンコク,0
漢字,2,カンジ,0
感じる,1,カンジル,0
肝臓,3,カンゾウ,0
簡単,3,カンタン,0
関東人,0,カントウジン,0
感動する,1,カンドウスル,0
神主,1,カンヌシ,0
神主,1,カンメシ,0
が,1,ガ,0
我意,1,ガイ,0
外国,3,ガイコク,0
外国人,3,ガイコクジン,0
外部,1,ガイブ,0
ががんぼ,3,ガガンボ,0
楽,1,ガク,0
学生,1,ガクセイ,0
学校,3,ガッコウ,0
合体,1,ガッタイ,0
がな,1,ガナ,0
我慢する,0,ガマンスル,0
蒲生四丁目,1,ガモウヨンチョウメ,0
がもよん,1,ガモヨン,0
柄,1,ガラ,0
頑張る,1,ガンバル,0
河太郎,1,ガタロ,0
黄,0,キ,0
紀伊,1,キイ,0
黄色,1,キイロ,0
黄色い,2,キイロイ,0
消える,1,キエル,0
機械,1,キカイ,0
着替える,1,キガエル,0
利き,1,キキ,0
木々,1,キギ,0
企業,1,キギョウ,0
聞く,1,キク,0
菊菜,1,キクナ,0
着包み,1,キグルミ,0
危険,2,キケン,0
聞こえる,1,キコエル,0
貴様,2,キサマ,0
岸,1,キシ,0
雉,1,キジ,0
傷,1,キズ,0
季節,1,キセツ,0
木曽,1,キソ,0
来た,1,キタ,0
北アメリカ,3,キタアメリカ,0
北大路,1,キタオオジ,0
汚い,2,キタナイ,0
北野天満宮,3,キタノテンマングウ,0
気違ひ,2,キチガイ,0
喫茶店,2,キッサテン,0
切手,2,キッテ,0
切符,2,キップ,0
啄木鳥,1,キツツキ,0
狐,2,キツネ,0
狐饂飩,3,キツネウドン,0
気づく,1,キヅク,0
衣,1,キヌ,0
杵,1,キネ,0
昨日,1,キノウ,0
牙,1,キバ,0
黍,0,キビ,0
決まる,1,キマル,0
君,1,キミ,0
君が代,1,キミガヨ,0
君達,2,キミタチ,0
君等,2,キミラ,0
決める,1,キメル,0
肝,1,キモ,0
きもい,1,キモイ,0
気持ち,1,キモチ,0
着物,1,キモノ,0
彼奴,1,キャツ,0
九,1,キュウ,0
救急車,3,キュウキュウシャ,0
急行,1,キュウコウ,0
給料,1,キュウリョウ,0
今日,1,キョウ,0
教室,1,キョウシツ,0
競争する,0,キョウソウスル,0
兄弟,1,キョウダイ,0
今日日,1,キョウビ,0
曲,1,キョク,0
去年,1,キョネン,0
清水,1,キヨミズ,0
嫌い,1,キライ,0
桐,1,キリ,0
螽斯,2,キリギリス,0
着る,1,キル,0
布,1,キレ,0
綺麗,1,キレイ,0
切れる,2,キレル,0
際,1,キワ,0
極めて,2,キワメテ,0
極める,1,キワメル,0
金属,1,キンゾク,0
緊張する,0,キンチョウスル,0
近鉄,1,キンテツ,0
金曜日,3,キンヨウビ,0
牛肉,1,ギュウニク,0
牛乳,1,ギュウニュウ,0
銀色,1,ギンイロ,0
銀行,1,ギンコウ,0
銀行員,0,ギンコウイン,0
悔い,1,クイ,0
食い倒れ,4,クイダオレ,0
食う,1,クウ,0
空気,1,クウキ,0
茎,1,クキ,0
釘,1,クギ,0
括る,1,ククル,0
草,1,クサ,0
腐った,1,クサッタ,0
鎖,1,クサリ,0
腐る,1,クサル,0
櫛,1,クシ,0
奇しくも,1,クシクモ,0
串cut,3,クシカツ,0
籤,1,クジ,0
鯨,1,クジラ,0
楠,0,クス,0
楠,1,クスノキ,0
薬,1,クスリ,0
葛,1,クズ,0
樟葉,1,クズハ,0
管,1,クダ,0
下さい,2,クダサイ,0
下さる,1,クダサル,0
下す,1,クダス,0
果物,2,クダモノ,0
下らん,2,クダラン,0
下る,1,クダル,0
口,1,クチ,0
蛇,1,クチナワ,0
朽ちる,2,クチル,0
靴,1,クツ,0
靴下,1,クツシタ,0
轡虫,3,クツワムシ,0
竈,1,クド,0
国,1,クニ,0
くねる,1,クネル,0
首,1,クビ,0
首切蟀,3,クビキリギス,0
窪地,1,クボチ,0
熊,1,クマ,0
熊蜂,1,クマバチ,0
組,1,クミ,0
組合,3,クミアイ,0
組む,1,クム,0
雲,1,クモ,0
曇り,1,クモリ,0
曇る,1,クモル,0
悔しい,2,クヤシイ,0
鞍,1,クラ,0
位,1,クライ,0
食らふ,1,クラウ,0
海月,1,クラゲ,0
倉橋,1,クラハシ,0
比べる,1,クラベル,0
栗,1,クリ,0
繰り出す,3,クリダス,0
厨,1,クリヤ,0
来る,1,クル,0
狂ふ,1,クルウ,0
狂ふた,2,クルウタ,0
苦しい,2,クルシイ,0
苦しむ,1,クルシム,0
苦しめる,1,クルシメル,0
車,1,クルマ,0
包む,1,クルム,0
暮,1,クレ,0
呉れる,1,クレル,0
黒,0,クロ,0
黒い,1,クロイ,0
黒色,3,クロイロ,0
鍬,1,クワ,0
鍬形,1,クワガタ,0
鍬形虫,3,クワガタムシ,0
詳しい,2,クワシイ,0
ぐじ,0,グジ,0
ぐっぱー,1,グッパー,0
胡頽子,1,グミ,0
ぐるり,1,グルリ,0
毛,0,ケ,0
計画する,0,ケイカクスル,0
警官,3,ケイカン,0
警察,0,ケイサツ,0
希有,1,ケウ,0
怪我,1,ケガ,0
汚す,1,ケガス,0
汚らわしい,4,ケガラワシイ,0
汚れた,2,ケガレタ,0
汚れる,1,ケガレル,0
今朝,1,ケサ,0
景色,1,ケシキ,0
化粧する,0,ケショウスル,0
消しgom,2,ケシゴム,0
消す,1,ケス,0
削る,1,ケズル,0
桁,1,ケタ,0
獣,1,ケダモノ,0
けち,1,ケチ,0
結構,0,ケッコウ,0
結婚,1,ケッコン,0
結婚式,4,ケッコンシキ,0
けど,0,ケド,0
けなりい,2,ケナリイ,0
けなるい,2,ケナルイ,0
毛虫,1,ケムシ,0
煙,1,ケムリ,0
獣,1,ケモノ,0
欅,1,ケヤキ,0
螻蛄,1,ケラ,0
蹴る,1,ケル,0
研究する,0,ケンキュウスル,0
芸術,0,ゲイジュツ,0
下駄,1,ゲタ,0
月曜日,3,ゲツヨウビ,0
げな,0,ゲナ,0
実に,1,ゲニ,0
下品,1,ゲヒン,0
げら,1,ゲラ,0
原因,1,ゲンイン,0
玄関,1,ゲンカン,0
元気,1,ゲンキ,0
言語,1,ゲンゴ,0
子,0,コ,0
恋,1,コイ,0
こいつ,2,コイツ,0
子犬,1,コイヌ,0
鯉の洗ひ,1,コイノアライ,0
こう,1,コウ,0
公園,1,コウエン,0
交換する,1,コウカンスル,0
工業,1,コウギョウ,0
高校,2,コウコウ,0
交差点,2,コウサテン,0
工事中,1,コウジチュウ,0
紅茶,0,コウチャ,0
交通,1,コウツウ,0
後輩,0,コウハイ,0
交番,1,コウバン,0
肥え,1,コエ,0
小枝,1,コエダ,0
小海老,1,コエビ,0
超える,1,コエル,0
凍らす,1,コオラス,0
氷,1,コオリ,0
凍る,1,コオル,0
蟋蟀,1,コオロギ,0
黄金虫,2,コガネムシ,0
呼吸,2,コキュウ,0
国民,1,コクミン,0
苔,1,コケ,0
苔生す,1,コケムス,0
転ける,1,コケル,0
此処,0,ココ,0
九日,1,ココノカ,0
九つ,0,ココノツ,0
心,1,ココロ,0
心憎い,4,ココロニクイ,0
濃さ,1,コサ,0
腰,1,コシ,0
越す,1,コス,0
狡い,1,コスイ,0
擦る,1,コスル,0
擦れる,1,コスレル,0
こそ,1,コソ,0
こそばい,2,コソバイ,0
こそばす,1,コソバス,0
こそばゆい,3,コソバユイ,0
固体,2,コタイ,0
答える,3,コタエル,0
木立,1,コダチ,0
此方,2,コチラ,0
此方,2,コッチ,0
殊,1,コト,0
事柄,1,コトガラ,0
今年,1,コトシ,0
言霊,1,コトダマ,0
異なる,1,コトナル,0
殊に,1,コトニ,0
言葉,1,コトバ,0
寿ぎ,1,コトホギ,0
寿ぐ,1,コトホグ,0
小鳥,1,コトリ,0
子供,1,コドモ,0
こない,1,コナイ,0
粉物,3,コナモン,0
子猫,1,コネコ,0
此の,1,コノ,0
木膚,2,コハダ,0
媚,1,コビ,0
瘤,1,コブ,0
駒,1,コマ,0
細かい,2,コマカイ,0
困る,1,コマル,0
混む,1,コム,0
米,1,コメ,0
叩頭虫,4,コメツキムシ,0
込める,2,コメル,0
菰,1,コモ,0
籠もる,1,コモル,0
木漏れ日,1,コモレビ,0
小屋,1,コヤ,0
肥やす,2,コヤス,0
子等,1,コラ,0
此れ,1,コレ,0
頃,1,コロ,0
殺す,1,コロス,0
衣,1,コロモ,0
怖い,1,コワイ,0
怖がる,1,コワガル,0
壊す,1,コワス,0
壊れる,1,コワレル,0
今月,1,コンゲツ,0
今週,1,コンシュウ,0
こんな,1,コンナ,0
今日は,1,コンニチハ,0
今晩,1,コンバン,0
こんばんは,1,コンバンハ,0
五,1,ゴ,0
合格する,0,ゴウカクスル,0
降魔,1,ゴウマ,0
五,1,ゴオ,0
沙蚕,2,ゴカイ,0
午後,0,ゴゴ,0
ご主人,2,ゴシュジン,0
午前,1,ゴゼン,0
御馳走様,1,ゴチソウサマ,0
ごっつい,2,ゴッツイ,0
ごつい,1,ゴツイ,0
ご飯,1,ゴハン,0
胡麻,1,ゴマ,0
ごみ,1,ゴミ,0
ごみ虫,1,ゴミムシ,0
ごみ虫擬,4,ゴミムシモドキ,0
御免,2,ゴメン,0
ごめんちや,2,ゴメンチヤ,0
ごめんって,2,ゴメンッテ,0
ごめんて,2,ゴメンテ,0
ごめんで,2,ゴメンデ,0
ごめんなさい,3,ゴメンナサイ,0
ごめんね,1,ゴメンネ,0
ごめんやで,2,ゴメンヤデ,0
ごめんよ,3,ゴメンヨ,0
ごもく,2,ゴモク,0
ごんた,1,ゴンタ,0
ごんたくれ,1,ゴンタクレ,0
御存知,1,ゴゾンジ,0
御覧,2,ゴラン,0
御利益,1,ゴリヤク,0
差,0,サ,0
さい,1,サイ,0
采,1,サイ,0
最後,1,サイゴ,0
左様で,1,サイテ,0
左様で,1,サイデ,0
左様なら,1,サイナラ,0
裁判,1,サイバン,0
裁判官,3,サイバンカン,0
財布,1,サイフ,0
最良,1,サイリョウ,0
幸ひ,1,サイワイ,0
係助,0,サエ,0
さえ,0,サエ,0
冴える,2,サエル,0
竿,1,サオ,0
さかい,1,サカイ,0
接助,0,サカイ,0
—,0,サカイニ,0
榊,1,サカキ,0
酒蔵,1,サカグラ,0
盃,1,サカズキ,0
魚,1,サカナ,0
酒場,1,サカバ,0
酒饅頭,3,サカマンジュウ,0
性,1,サガ,0
探す,1,サガス,0
下がる,1,サガル,0
先,1,サキ,0
前,1,サキ,0
咲き,1,サキ,0
先っちょ,1,サキッチョ,0
先っぽ,1,サキッポ,0
鷺,1,サギ,0
詐欺,1,サギ,0
咲く,1,サク,0
作文,1,サクブン,0
桜,1,サクラ,0
桜井,2,サクライ,0
桜餅,2,サクラモチ,0
酒,1,サケ,0
下げ,1,サゲ,0
下げる,2,サゲル,0
笹,1,ササ,0
支へる,3,ササエル,0
大角豆,1,ササゲ,0
捧げる,1,ササゲル,0
さざれ石,3,サザレイシ,0
差し,1,サシ,0
刺す,1,サス,0
—,1,サセル,0
誘う,1,サソウ,0
蠍,1,サソリ,0
嘸,1,サゾ,0
定め,2,サダメ,0
定める,1,サダメル,0
幸,1,サチ,0
さっさと,2,サッサト,0
扨,1,サテ,0
砂糖,1,サトウ,0
悟り,1,サトリ,0
悟る,1,サトル,0
佐渡,1,サド,0
佐渡ヶ島,2,サドガシマ,0
蛹,2,サナギ,0
実,1,サネ,0
鯖,1,サバ,0
錆,1,サビ,0
錆びる,2,サビル,0
寒疣,3,サブイボ,0
然程,2,サホド,0
様,1,サマ,0
冷ます,2,サマス,0
妨げる,1,サマタゲル,0
さまよう,1,サマヨウ,0
寒い,1,サムイ,0
寒さ,1,サムサ,0
鮫,1,サメ,0
然も,1,サモ,0
鞘,1,サヤ,0
白湯,1,サユ,0
小夜,1,サヨ,0
左様,1,サヨウ,0
左様なら,1,サヨウナラ,0
さよなら,1,サヨナラ,0
皿,1,サラ,0
再来年,1,サライネン,0
—,1,サラス,0
更に,1,サラニ,0
さら品,3,サラピン,0
然る,1,サル,0
沢,1,サワ,0
騒ぐ,1,サワグ,0
鰆,1,サワラ,0
さわり,1,サワリ,0
触る,1,サワル,0
三,1,サン,0
産業,1,サンギョウ,0
散歩,1,サンポ,0
秋刀魚,1,サンマ,0
座,0,ザ,0
在日朝鮮人,6,ザイニチチョウセンジン,0
財宝,3,ザイホウ,0
柘榴,1,ザクロ,0
雑魚場,2,ザコバ,0
座主,1,ザス,0
雑誌,2,ザッシ,0
笊,1,ザル,0
残念,1,ザンネン,0
死,1,シ,0
幸せ,1,シアワセ,0
椎,1,シイ,0
塩,1,シオ,0
萎れる,1,シオレル,0
しか,1,シカ,0
叱る,1,シカル,0
滋賀,1,シガ,0
磯城,1,シキ,0
鴫,0,シギ,0
茂る,1,シゲル,0
醜,1,シコ,0
しこたま,1,シコタマ,0
仕事,1,シゴト,0
猪,1,シシ,0
蜆橋,3,シジミバシ,0
静か,1,シズカ,0
静まる,1,シズマル,0
沈む,1,シズム,0
沈める,1,シズメル,0
下,1,シタ,0
従ふ,1,シタガウ,0
下着,1,シタギ,0
下敷き,1,シタジキ,0
羊歯,1,シダ,0
七,1,シチ,0
失敗,3,シッパイ,0
失敗する,0,シッパイスル,0
尻尾,1,シッポ,0
質問,1,シツモン,0
質問する,0,シツモンスル,0
失礼,1,シツレイ,0
為て,1,シテ,0
品,1,シナ,0
死ぬ,1,シヌ,0
篠,1,シノ,0
忍び,1,シノビ,0
忍ぶ,1,シノブ,0
柴,1,シバ,0
しばく,1,シバク,0
暫し,1,シバシ,0
屡,1,シバシバ,0
暫く,1,シバラク,0
縛る,1,シバル,0
渋,1,シブ,0
渋い,1,シブイ,0
飛沫,1,シブキ,0
渋ちん,2,シブチン,0
蕊,1,シベ,0
絞る,1,シボル,0
島,1,シマ,0
終ひ,1,シマイ,0
仕舞う,1,シマウ,0
閉まる,1,シマル,0
紙魚,1,シミ,0
染みる,1,シミル,0
市民,1,シミン,0
染む,1,シム,0
染め,1,シメ,0
絞め殺す,4,シメコロス,0
湿った,1,シメッタ,0
注連縄,1,シメナワ,0
湿る,1,シメル,0
下,1,シモ,0
しゃしゃら,1,シャシャラ,0
写真,1,シャシン,0
鯱,0,シャチ,0
社長,1,シャチョウ,0
喋る,1,シャベル,0
習慣,1,シュウカン,0
宗教,0,シュウキョウ,0
修理,1,シュウリ,0
主義,1,シュギ,0
宿題,1,シュクダイ,0
出席する,0,シュッセキスル,0
出張,1,シュッチョウ,0
しゅっとした,1,シュットシタ,0
趣味,1,シュミ,0
紹介する,0,ショウカイスル,0
消防車,3,ショウボウシャ,0
醬油,0,ショウユ,0
食事,2,ショクジ,0
食堂,1,ショクドウ,0
書類,1,ショルイ,0
白こい,2,シラコイ,0
知らせる,1,シラセル,0
調べる,1,シラベル,0
虱,1,シラミ,0
尻,1,シリ,0
退く,1,シリゾク,0
斥ける,1,シリゾケル,0
知る,1,シル,0
記す,1,シルス,0
標,1,シルベ,0
代,1,シロ,0
白蟻,3,シロアリ,0
白い,1,シロイ,0
白色,0,シロイロ,0
知ろし召す,1,シロシメス,0
白身,2,シロミ,0
皺,1,シワ,0
吝ひ,1,シワイ,0
吝ふ,1,シワウ,0
新幹線,2,シンカンセン,0
殿,1,シンガリ,0
信号,1,シンゴウ,0
信条,1,シンジョウ,0
信じる,1,シンジル,0
親切,1,シンセツ,0
心臓,3,シンゾウ,0
死んだ,1,シンダ,0
しんどい,2,シンドイ,0
信念,1,シンネン,0
心配する,0,シンパイスル,0
新聞,3,シンブン,0
爺さん,1,ジイサン,0
じいじ,1,ジイジ,0
時間,0,ジカン,0
直に,1,ジキニ,0
事故,1,ジコ,0
辞書,1,ジショ,0
爺,1,ジジイ,0
自転車,1,ジテンシャ,0
自動車,1,ジドウシャ,0
字引,2,ジビキ,0
自分,2,ジブン,0
じゃ,0,ジャ,0
十,1,ジュウ,0
十分,1,ジュウブン,0
授業,1,ジュギョウ,0
じゅじゅむ,1,ジュジュム,0
じゅじゅんだ,2,ジュジュンダ,0
準備,1,ジュンビ,0
上手,1,ジョウズ,0
丈夫,2,ジョウブ,0
女性,1,ジョセイ,0
州,0,ス,0
酸い,1,スイ,0
すいません,3,スイマセン,0
水曜日,3,スイヨウビ,0
吸ふ,1,スウ,0
数字,1,スウジ,0
末,1,スエ,0
据ゑる,1,スエル,0
すか,1,スカ,0
透かし翅,1,スカシバ,0
透かす,1,スカス,0
すかたん,2,スカタン,0
すが寺,3,スガデラ,0
鍬,1,スキ,0
透き通る,1,スキトオル,0
杉,1,スギ,0
過ぎる,2,スギル,0
救ふ,1,スクウ,0
少ない,2,スクナイ,0
直ぐ,0,スグ,0
菅,1,スゲ,0
少し,1,スコシ,0
凄い,1,スゴイ,0
凄く,1,スゴク,0
過ごす,1,スゴス,0
鮨,1,スシ,0
筋,1,スジ,0
筋蝦,3,スジエビ,0
煤,1,スス,0
進む,1,ススム,0
進める,1,ススメル,0
鈴,1,スズ,0
涼しい,2,スズシイ,0
涼しさ,3,スズシサ,0
鈴虫,2,スズムシ,0
雀,2,スズメ,0
雀蜂,2,スズメバチ,0
裾,1,スソ,0
酸っぱい,2,スッパイ,0
捨てる,1,ステル,0
既に,1,スデニ,0
砂,1,スナ,0
脛,1,スネ,0
術,0,スベ,0
全て,1,スベテ,0
統べる,1,スベル,0
須磨,1,スマ,0
済まん,1,スマン,0
炭,1,スミ,0
住道,2,スミノドウ,0
済みません,4,スミマセン,0
住吉,3,スミヨシ,0
済む,1,スム,0
天皇,3,スメロギ,0
為る,1,スル,0
鋭い,2,スルドイ,0
擦れる,2,スレル,0
諏訪,1,スワ,0
座る,1,スワル,0
済んだ,2,スンダ,0
すんません,3,スンマセン,0
すんまへん,3,スンマヘン,0
ずぼら,1,ズボラ,0
ずんべら坊,3,ズンベラボウ,0
ずんべら坊,4,ズンベラボン,0
背,1,セ,0
所為,1,セイ,0
精神,1,セイシン,0
生徒,2,セイト,0
世界,1,セカイ,0
咳,1,セキ,0
背たらう,1,セタラウ,0
石鹼,1,セッケン,0
説明する,0,セツメイスル,0
瀬戸,1,セト,0
瀬戸物,1,セトモノ,0
背中,2,セナカ,0
狭まる,1,セバマル,0
狭める,1,セバメル,0
背広,2,セビロ,0
狭い,1,セマイ,0
狭め,1,セマメ,0
蝉,1,セミ,0
責め,1,セメ,0
せめて,1,セメテ,0
攻める,2,セメル,0
せやさかいに,1,セヤサカイニ,0
せやよってに,1,セヤヨッテニ,0
芹,1,セリ,0
競る,1,セル,0
世話,1,セワ,0
せわしい,2,セワシイ,0
せわしない,3,セワシナイ,0
千,1,セン,0
せんぐり,2,セングリ,0
先月,1,センゲツ,0
先週,1,センシュウ,0
先生,1,センセイ,0
戦争,1,センソウ,0
洗濯,1,センタク,0
洗濯する,0,センタクスル,0
先輩,3,センパイ,0
ぜ,0,ゼ,0
銭,1,ゼニ,0
全部,1,ゼンブ,0
其,0,ソ,0
そいつ,2,ソイツ,0
そう,1,ソウ,0
掃除,2,ソウジ,0
そうじゃさかいに,1,ソウジャサカイニ,0
そうじゃよってに,1,ソウジャヨッテニ,0
相談する,0,ソウダンスル,0
棘,1,ソゲ,0
底,1,ソコ,0
損なふ,1,ソコナウ,0
組織,1,ソシキ,0
育てる,1,ソダテル,0
其方,1,ソチ,0
其方,2,ソチラ,0
其方,2,ソッチ,0
卒業する,0,ソツギョウスル,0
卒研,1,ソツケン,0
卒論,1,ソツロン,0
袖,1,ソデ,0
外,1,ソト,0
外側,3,ソトガワ,0
そない,1,ソナイ,0
其の,1,ソノ,0
側,1,ソバ,0
蕎麦飯,1,ソバメシ,0
祖父,1,ソフ,0
背く,1,ソムク,0
そやさかいに,1,ソヤサカイニ,0
そら,1,ソラ,0
逸らす,2,ソラス,0
剃る,1,ソル,0
其れ,1,ソレ,0
其れで,1,ソレデ,0
逸れる,2,ソレル,0
そろそろ,1,ソロソロ,0
尊敬する,0,ソンケイスル,0
そんな,1,ソンナ,0
ぞ,0,ゾ,0
誰,0,タ,0
た,1,タ,0
田,0,タ,0
たある,1,タアル,0
鯛,1,タイ,0
たい,0,タイ,0
退院する,0,タイインスル,0
大使館,3,タイシカン,0
大切,3,タイセツ,0
炊いたん,1,タイタン,0
大変,3,タイヘン,0
太陽,1,タイヨウ,0
平,2,タイラ,0
妙,1,タエ,0
耐える,2,タエル,0
倒す,1,タオス,0
倒れる,1,タオレル,0
鷹,1,タカ,0
高い,1,タカイ,0
高さ,1,タカサ,0
高槻,1,タカツキ,0
高野川,2,タカノガワ,0
宝,1,タカラ,0
宝物,1,タカラモノ,0
高笑ひ,2,タカワライ,0
たがる,1,タガル,0
滝,1,タキ,0
炊く,1,タク,0
沢山,0,タクサン,0
竹,1,タケ,0
他県民,1,タケンミン,0
脊瘡,1,タコ,0
蛸焼き,1,タコヤキ,0
蛸焼きpick,5,タコヤキピック,0
確か,1,タシカ,0
助かる,1,タスカル,0
助ける,1,タスケル,0
尋ねる,1,タズネル,0
戦ふ,1,タタカウ,0
唯,0,タダ,0
只今,1,タダイマ,0
正しい,2,タダシイ,0
正す,1,タダス,0
糺の森,1,タダスノモリ,0
唯で,1,タダデ,0
漂ふ,1,タダヨウ,0
太刀,1,タチ,0
卓球,1,タッキュウ,0
竜,1,タツ,0
竜田揚げ,1,タツタアゲ,0
盾,1,タテ,0
奉る,4,タテマツル,0
建物,1,タテモノ,0
立てる,2,タテル,0
蓼,1,タデ,0
辿り着く,1,タドリツク,0
辿る,1,タドル,0
棚,1,タナ,0
谷,1,タニ,0
田螺,1,タニシ,0
谷町,2,タニマチ,0
狸,1,タヌキ,0
狸饂飩,3,タヌキウドン,0
狸蕎麦,3,タヌキソバ,0
種,1,タネ,0
楽しい,2,タノシイ,0
楽しむ,1,タノシム,0
頼む,1,タノム,0
謀る,1,タバカル,0
度,1,タビ,0
多分,1,タブン,0
食べ物,2,タベモノ,0
食べる,2,タベル,0
玉,1,タマ,0
給ふ,1,タマウ,0
卵,1,タマゴ,0
魂,1,タマシイ,0
玉ねぎ,2,タマネギ,0
玉虫,1,タマムシ,0
貯まる,1,タマル,0
賜る,1,タマワル,0
民,1,タミ,0
為,1,タメ,0
試し,1,タメシ,0
試す,1,タメス,0
為に,1,タメニ,0
保つ,1,タモツ,0
弛む,1,タユム,0
たり,1,タリ,0
足りる,1,タリル,0
樽,1,タル,0
弛む,1,タルム,0
垂れ,1,タレ,0
単語,2,タンゴ,0
誕生日,3,タンジョウビ,0
尋ねる,1,タンネル,0
だ,1,ダ,0
台,1,ダイ,0
大学,1,ダイガク,0
大丈夫,3,ダイジョウブ,0
大好き,0,ダイスキ,0
台所,1,ダイドコロ,0
だけ,1,ダケ,0
ださい,1,ダサイ,0
出汁,1,ダシ,0
だす,1,ダス,0
伊達,1,ダテ,0
壁蝨,1,ダニ,0
騙くらかす,5,ダマクラカス,0
騙す,2,ダマス,0
駄目,1,ダメ,0
だるい,1,ダルイ,0
誰,1,ダレ,0
誰か,2,ダレカ,0
男性,1,ダンセイ,0
茅,0,チ,0
小さい,2,チイサイ,0
小さな,1,チイサナ,0
近い,1,チカイ,0
近頃,1,チカゴロ,0
近つ飛鳥,4,チカツアスカ,0
地下鉄,0,チカテツ,0
力,1,チカラ,0
違ふ,1,チガウ,0
稚児,1,チゴ,0
蒿苣,1,チサ,0
知識,1,チシキ,0
蒿苣,1,チシャ,0
縮む,1,チジム,0
縮める,1,チジメル,0
地図,0,チズ,0
父,1,チチ,0
父親,1,チチオヤ,0
千々,1,チヂ,0
縮まる,1,チヂマル,0
縮む,1,チヂム,0
縮める,1,チヂメル,0
些と,1,チト,0
千葉,1,チバ,0
地方,1,チホウ,0
茶色,2,チャイロ,0
違う,1,チャウ,0
ちゃる,0,チャル,0
茶碗,2,チャワン,0
中国,1,チュウゴク,0
昼食,1,チュウショク,0
注文する,0,チュウモンスル,0
ちゅ居る,1,チュオル,0
腸,1,チョウ,0
調子,1,チョウシ,0
朝食,1,チョウショク,0
丁度,1,チョウド,0
ちょける,2,チョケル,0
ちょっと,2,チョット,0
千代,1,チヨ,0
散らかす,1,チラカス,0
散らす,1,チラス,0
塵,1,チリ,0
縮緬雑魚,4,チリメンジャコ,0
散る,1,チル,0
跛,1,チンバ,0
津,0,ツ,0
一日,3,ツイタチ,0
杖,1,ツエ,0
塚,1,ツカ,0
使ふ,1,ツカウ,0
司る,1,ツカサドル,0
捕まえる,4,ツカマエル,0
捕まる,3,ツカマル,0
疲れる,1,ツカレル,0
突き,1,ツキ,0
付き合う,3,ツキアウ,0
突き刺す,1,ツキサス,0
付き出し,1,ツキダシ,0
尽きる,2,ツキル,0
継,1,ツギ,0
突く,1,ツク,0
机,1,ツクエ,0
土筆,1,ツクシ,0
尽くす,1,ツクス,0
作り方,4,ツクリカタ,0
作る,2,ツクル,0
付ける,2,ツケル,0
告げ,1,ツゲ,0
対馬,1,ツシマ,0
蔦,1,ツタ,0
伝える,1,ツタエル,0
土,1,ツチ,0
槌の子,1,ツチノコ,0
突っ込み,3,ツッコミ,0
突っ込む,1,ツッコム,0
筒,1,ツツ,0
啄く,1,ツツク,0
つつくる,1,ツツクル,0
包む,1,ツツム,0
続ける,1,ツヅケル,0
伝,1,ツテ,0
苞,1,ツト,0
努める,1,ツトメル,0
綱,1,ツナ,0
常,0,ツネ,0
常に,1,ツネニ,0
角,1,ツノ,0
鍔,1,ツバ,0
椿,1,ツバキ,0
翼,1,ツバサ,0
粒,1,ツブ,0
潰す,1,ツブス,0
潰れる,1,ツブレル,0
坪,1,ツボ,0
妻,1,ツマ,0
爪先,1,ツマサキ,0
爪弾き,1,ツマハジキ,0
摘み,1,ツマミ,0
摘む,1,ツマム,0
詰まらん,2,ツマラン,0
詰まる,1,ツマル,0
罪,1,ツミ,0
積む,1,ツム,0
爪,1,ツメ,0
冷たい,2,ツメタイ,0
冷たさ,3,ツメタサ,0
詰める,2,ツメル,0
積もる,1,ツモル,0
艶,1,ツヤ,0
つゆ,1,ツユ,0
露虫,1,ツユムシ,0
強い,1,ツヨイ,0
強まる,1,ツヨマル,0
強める,1,ツヨメル,0
面,1,ツラ,0
辛い,1,ツライ,0
釣り,1,ツリ,0
釣る,1,ツル,0
剣,1,ツルギ,0
鶴橋,1,ツルハシ,0
連れ,1,ツレ,0
連れ以て,4,ツレモッテ,0
連れる,1,ツレル,0
聾,1,ツンボ,0
て,1,テ,0
丁寧,1,テイネイ,0
手紙,1,テガミ,0
敵,1,テキ,0
手伝う,1,テツダウ,0
手袋,1,テブクロ,0
手前,2,テマエ,0
寺,1,テラ,0
手れ子,1,テレコ,0
店員,1,テンイン,0
天気,1,テンキ,0
天気予報,4,テンキヨホウ,0
手んご,1,テンゴ,0
転生する,0,テンセイスル,0
展覧会,4,テンランカイ,0
で,1,デ,0
出入り口,2,デイリグチ,0
出かける,1,デカケル,0
出来事,1,デキゴト,0
出来る,1,デキル,0
出口,1,デグチ,0
です,1,デス,0
出っ張り,1,デッパリ,0
出っ張る,1,デッパル,0
出処,1,デドコロ,0
でぼちん,2,デボチン,0
出前,1,デマエ,0
出町柳,3,デマチヤナギ,0
でも,1,デモ,0
出る,1,デル,0
電気,1,デンキ,0
電車,2,デンシャ,0
でんでん虫,2,デンデンムシ,0
でんぼ,1,デンボ,0
電話,1,デンワ,0
と,1,ト,0
問ひ,1,トイ,0
問ふ,1,トウ,0
統一,1,トウイツ,0
父さん,1,トウサン,0
尊い,2,トウトイ,0
疾うに,1,トウニ,0
十,1,トオ,0
遠い,1,トオイ,0
十日,1,トオカ,0
十日戎,4,トオカエビス,0
遠く,1,トオク,0
通す,1,トオス,0
通り,1,トオリ,0
通る,1,トオル,0
都会,2,トカイ,0
蜥蜴,1,トカゲ,0
科,1,トガ,0
咎める,1,トガメル,0
斎,1,トキ,0
時々,2,トキドキ,0
解き放つ,4,トキハナツ,0
解く,1,トク,0
特別,1,トクベツ,0
時計,1,トケイ,0
溶ける,2,トケル,0
棘,1,トゲ,0
床,1,トコ,0
永久,1,トコシエ,0
所,1,トコロ,0
土佐,1,トサ,0
閉ざす,1,トザス,0
年,1,トシ,0
として,1,トシテ,0
図書館,1,トショカン,0
年寄り,3,トシヨリ,0
刀自,1,トジ,0
閉ぢる,2,トジル,0
栃,1,トチ,0
特急,1,トッキュウ,0
とっとと,2,トットト,0
とても,1,トテモ,0
父,1,トト,0
整ふ,1,トトノウ,0
整へる,1,トトノエル,0
届ける,1,トドケル,0
留まる,1,トドマル,0
留める,1,トドメル,0
隣,1,トナリ,0
殿,1,トノ,0
鳥羽,1,トバ,0
鳶,1,トビ,0
飛螻蛄,1,トビケラ,0
飛び立つ,1,トビタツ,0
扉,1,トビラ,0
飛ぶ,1,トブ,0
苫,1,トマ,0
止まる,1,トマル,0
富,1,トミ,0
富む,1,トム,0
止める,1,トメル,0
友,1,トモ,0
友達,1,トモダチ,0
伴ふ,1,トモナウ,0
虎,1,トラ,0
とらまえる,4,トラマエル,0
鳥,1,トリ,0
取り敢へず,3,トリアエズ,0
取り付ける,4,トリツケル,0
鶏肉,1,トリニク,0
取引,1,トリヒキ,0
とる,0,トル,0
永久,1,トワ,0
鳶,1,トンビ,0
蜻蛉,1,トンボ,0
ど,0,ド,0
どいつ,2,ドイツ,0
どう,1,ドウ,0
道具,1,ドウグ,0
動物,0,ドウブツ,0
同僚,3,ドウリョウ,0
道路,1,ドウロ,0
通り,1,ドオリ,0
毒,1,ドク,0
退ける,2,ドケル,0
何処,1,ドコ,0
どす,1,ドス,0
弩たま,1,ドタマ,0
何方,2,ドチラ,0
何方,2,ドッチ,0
ど突く,1,ドツク,0
どない,1,ドナイ,0
土日,1,ドニチ,0
どの,1,ドノ,0
濁醪,3,ドブロク,0
吃り,1,ドモリ,0
吃る,1,ドモル,0
どやかす,1,ドヤカス,0
どやす,1,ドヤス,0
土曜日,1,ドヨウビ,0
どれ,1,ドレ,0
泥,1,ドロ,0
どんけつ,1,ドンケツ,0
どんな,1,ドンナ,0
どんならん,1,ドンナラン,0
勿,0,ナ,0
名,0,ナ,0
な,0,ナ,0
終助,0,ナ,0
地震,1,ナイ,0
無い,1,ナイ,0
ないな,0,ナイナ,0
苗,1,ナエ,0
尚,1,ナオ,0
尚且,1,ナオカツ,0
治す,1,ナオス,0
治る,1,ナオル,0
中,1,ナカ,0
中愛,3,ナカイト,0
中之島,4,ナカノシマ,0
中身,1,ナカミ,0
中んさん,4,ナカンサン,0
長い,1,ナガイ,0
長岡京,1,ナガオカキョウ,0
ながら,1,ナガラ,0
流れる,1,ナガレル,0
鳴き声,3,ナキゴエ,0
水葱,1,ナギ,0
薙ぎ倒す,4,ナギタオス,0
薙ぎ払う,4,ナギハラウ,0
泣く,1,ナク,0
失くす,1,ナクス,0
殴る,1,ナグル,0
無げ,1,ナゲ,0
投げる,2,ナゲル,0
和む,1,ナゴム,0
和やか,1,ナゴヤカ,0
なさる,0,ナサル,0
梨,1,ナシ,0
茄子,1,ナス,0
茄子,1,ナスビ,0
何故,1,ナゼ,0
謎,1,ナゾ,0
灘,1,ナダ,0
夏,1,ナツ,0
懐い,1,ナツイ,0
夏休み,3,ナツヤスミ,0
など,0,ナド,0
七,1,ナナ,0
七つ,1,ナナツ,0
七節,1,ナナフシ,0
何,1,ナニ,0
何か,1,ナニカ,0
浪速,2,ナニワ,0
何気ない,2,ナニゲナ,0
何気に,3,ナニゲニ,0
七日,1,ナノカ,0
なぶる,1,ナブル,0
鍋,1,ナベ,0
生,1,ナマ,0
名前,1,ナマエ,0
鈍ら,1,ナマクラ,0
鯰,2,ナマズ,0
生cream,3,ナマクリーム,0
並,1,ナミ,0
波速,1,ナミハヤ,0
南無,1,ナム,0
蛞蝓,2,ナメクジ,0
滑らか,1,ナメラカ,0
楢,1,ナラ,0
習う,1,ナラウ,0
鳴らす,1,ナラス,0
並ぶ,1,ナラブ,0
並べる,1,ナラベル,0
形,1,ナリ,0
鳴る,1,ナル,0
慣れる,2,ナレル,0
縄,1,ナワ,0
なわて,1,ナワテ,0
地名(俗),0,ナワテ,0
なんしか,1,ナンシカ,0
汝,1,ナンジ,0
南西,1,ナンセイ,0
何ぞ,2,ナンゾ,0
なんだ,0,ナンダ,0
何ちゃあ,2,ナンチャァ,0
何ちゃあ,2,ナンチャア,0
なんで,0,ナンデ,0
南東,1,ナントウ,0
何なと,2,ナンナト,0
難波,1,ナンバ,0
何ぼ,2,ナンボ,0
に,1,ニ,0
二,1,ニイ,0
兄さん,1,ニイサン,0
贄,1,ニエ,0
鳰,1,ニオ,0
匂ひ,1,ニオイ,0
において,0,ニオイテ,0
匂う,1,ニオウ,0
匂ぐ,1,ニオグ,0
苦い,1,ニガイ,0
逃がす,2,ニガス,0
賑やか,0,ニギヤカ,0
肉,1,ニク,0
憎い,1,ニクイ,0
憎しみ,1,ニクシミ,0
憎そい,2,ニクソイ,0
憎たらしい,4,ニクタラシイ,0
憎らしい,3,ニクラシイ,0
逃げる,2,ニゲル,0
西,1,ニシ,0
鰊,1,ニシン,0
西本願寺,3,ニシホンガンジ,0
虹,1,ニジ,0
偽物,3,ニセモノ,0
似た,1,ニタ,0
日曜日,3,ニチヨウビ,0
日記,2,ニッキ,0
にて,1,ニテ,0
似ている,1,ニテイル,0
蜷,1,ニナ,0
煮抜き,1,ニヌキ,0
煮抜き玉子,4,ニヌキタマゴ,0
鈍い,1,ニブイ,0
日本,1,ニホン,0
荷物,1,ニモツ,0
入院する,0,ニュウインスル,0
入学する,0,ニュウガクスル,0
似る,1,ニル,0
庭,1,ニワ,0
鶏,1,ニワトリ,0
人間,3,ニンゲン,0
人参,3,ニンジン,0
縫い包み,4,ヌイグルミ,0
縫ふ,1,ヌウ,0
糠,1,ヌカ,0
抜かす,1,ヌカス,0
緯,1,ヌキ,0
抜く,1,ヌク,0
温い,1,ヌクイ,0
温める,1,ヌクメル,0
温もり,1,ヌクモリ,0
温もる,1,ヌクモル,0
脱ぐ,1,ヌグ,0
拭ふ,1,ヌグウ,0
抜ける,1,ヌケル,0
主,1,ヌシ,0
盗む,1,ヌスム,0
布,1,ヌノ,0
沼,1,ヌマ,0
沼蝦,1,ヌマエビ,0
滑る,1,ヌメル,0
濡らす,1,ヌラス,0
塗る,1,ヌル,0
濡れ,1,ヌレ,0
濡れた,1,ヌレタ,0
濡れる,1,ヌレル,0
寝,0,ネ,0
姉さん,1,ネエサン,0
願ひ,2,ネガイ,0
願ふ,1,ネガウ,0
ねき,1,ネキ,0
根切虫,2,ネキリムシ,0
猫,1,ネコ,0
寝転がる,1,ネコロガル,0
寝転ぶ,1,ネコロブ,0
螺子,1,ネジ,0
螺子巻,2,ネジマキ,0
捻る,1,ネジル,0
捻れる,1,ネジレル,0
鼠,2,ネズミ,0
寝そべる,1,ネソベル,0
熱心,0,ネッシン,0
熱,1,ネツ,0
粘る,1,ネバル,0
眠る,1,ネムル,0
寝屋,1,ネヤ,0
練,1,ネリ,0
寝る,1,ネル,0
ねんて,2,ネンテ,0
の,1,ノ,0
能,1,ノウ,0
逃す,1,ノガス,0
逃れる,1,ノガレル,0
軒,1,ノキ,0
芒,1,ノギ,0
退く,1,ノク,0
退ける,2,ノケル,0
残す,1,ノコス,0
残り,1,ノコリ,0
残り物,1,ノコリモノ,0
残る,1,ノコル,0
野崎,2,ノザキ,0
熨斗,1,ノシ,0
望む,1,ノゾム,0
宣ふ,1,ノタマウ,0
後,1,ノチ,0
のっぺら坊,3,ノッペラボウ,0
ので,0,ノデ,0
能登,0,ノト,0
喉,1,ノド,0
のに,0,ノニ,0
伸ばす,1,ノバス,0
野火,0,ノビ,0
伸びる,2,ノビル,0
野辺,0,ノベ,0
述べる,2,ノベル,0
登る,1,ノボル,0
蚤,1,ノミ,0
飲み明かす,4,ノミアカス,0
飲み物,2,ノミモノ,0
飲む,1,ノム,0
野良,0,ノラ,0
則,1,ノリ,0
乗り遅れる,1,ノリオクレル,0
乗り換へる,1,ノリカエル,0
祝詞,1,ノリト,0
乗り物,1,ノリモノ,0
乗る,1,ノル,0
呪い,1,ノロイ,0
呪ふ,1,ノロウ,0
のん,0,ノン,0
呑んもる,3,ノンモル,0
は,1,ハ,0
半,0,ハ,0
歯,0,ハ,0
灰,1,ハイ,0
灰皿,1,ハイザラ,0
歯医者,1,ハイシャ,0
入る,2,ハイル,0
蝿,1,ハエ,0
鮭,1,ハエ,0
墓,1,ハカ,0
破壊者,0,ハカイシャ,0
儚い,2,ハカナイ,0
葉書,1,ハガキ,0
剥がす,1,ハガス,0
鋼,1,ハガネ,0
剥がれる,1,ハガレル,0
吐き出す,3,ハキダス,0
脛,1,ハギ,0
履く,1,ハク,0
刷毛,1,ハケ,0
禿げる,2,ハゲル,0
箱,1,ハコ,0
運ぶ,1,ハコブ,0
鋏虫,2,ハサミムシ,0
端,1,ハシ,0
はしかい,2,ハシカイ,0
走る,1,ハシル,0
恥,1,ハジ,0
弾く,1,ハジク,0
始まり,1,ハジマリ,0
始める,1,ハジマル,0
始め,1,ハジメ,0
初めて,2,ハジメテ,0
始まる,1,ハジメル,0
蓮,1,ハス,0
斜かい,1,ハスカイ,0
筈,1,ハズ,0
恥づい,1,ハズイ,0
恥づかしい,3,ハズカシイ,0
外す,1,ハズス,0
外れる,1,ハズレル,0
鯊,1,ハゼ,0
端,1,ハタ,0
畑,1,ハタケ,0
果たす,1,ハタス,0
二十歳,1,ハタチ,0
将と,1,ハタト,0
働く,1,ハタラク,0
肌,1,ハダ,0
蜂,1,ハチ,0
蜂蜜,1,ハチミツ,0
爬虫類,1,ハチュウルイ,0
葉っぱ,1,ハッパ,0
二十日,1,ハツカ,0
初瀬川,2,ハツセガワ,0
初詣,3,ハツモウデ,0
初夢,1,ハツユメ,0
果て,1,ハテ,0
鳩,1,ハト,0
鳩ぽっぽ,1,ハトポッポ,0
鼻,1,ハナ,0
話,1,ハナシ,0
噺家,1,ハナシカ,0
放す,1,ハナス,0
放つ,1,ハナツ,0
放出,1,ハナテン,0
花火大会,4,ハナビタイカイ,0
花見,1,ハナミ,0
花潜り,3,ハナムグリ,0
離れる,1,ハナレル,0
羽,1,ハネ,0
翅隠し,3,ハネカクシ,0
母,1,ハハ,0
母親,1,ハハオヤ,0
浜,1,ハマ,0
浜辺,1,ハマベ,0
食み子,1,ハミゴ,0
鱧,1,ハモ,0
早,1,ハヤ,0
囃子,1,ハヤシ,0
原,1,ハラ,0
払ふ,1,ハラウ,0
はらっぱ,1,ハラッパ,0
腸,3,ハラワタ,0
針,1,ハリ,0
播磨,1,ハリマ,0
張り扇,1,ハリセン,0
張り扇chop,5,ハリセンチョップ,0
張る,1,ハル,0
晴れ,1,ハレ,0
腫れる,1,ハレル,0
半,1,ハン,0
形動タル,0,ハンナリ,0
はんなり,2,ハンナリ,0
犯人,1,ハンニン,0
半分,3,ハンブン,0
場,0,バ,0
ば,0,バ,0
場合,1,バアイ,0
婆さん,1,バアサン,0
ばあば,1,バアバ,0
ばかり,1,バカリ,0
化け物,3,バケモノ,0
化け物,2,バケモン,0
ばっかり,2,バッカリ,0
婆,1,ババ,0
婆,1,ババア,0
薔薇,1,バラ,0
ばれる,2,バレル,0
番号,2,バンゴウ,0
晩ご飯,3,バンゴハン,0
ぱくり,1,パクリ,0
ぱくる,1,パクル,0
ぱしり,1,パシリ,0
ぱち物,3,パチモン,0
ぱちる,1,パチル,0
ぱれる,2,パレル,0
杼,0,ヒ,0
稗,1,ヒエ,0
冷える,2,ヒエル,0
控える,1,ヒカエル,0
光,1,ヒカリ,0
日傘,1,ヒガサ,0
東,1,ヒガシ,0
東本願寺,4,ヒガシホンガンジ,0
日がな一日,5,ヒガナイチニチ,0
蟇,0,ヒキ,0
率ゐる,1,ヒキイル,0
引く,1,ヒク,0
低い,1,ヒクイ,0
鬚,1,ヒゲ,0
飛行機,1,ヒコウキ,0
肥後,1,ヒゴ,0
久し振り,1,ヒサシブリ,0
膝,1,ヒザ,0
跪く,1,ヒザマズク,0
菱,1,ヒシ,0
肘,1,ヒジ,0
鹿尾菜,1,ヒジキ,0
聖,1,ヒジリ,0
襞,1,ヒダ,0
左,2,ヒダリ,0
ひだる神,3,ヒダルガミ,0
引っ掻く,3,ヒッカク,0
引っ越し,1,ヒッコシ,0
引っ越す,1,ヒッコス,0
引っ込む,1,ヒッコム,0
引っ込める,1,ヒッコメル,0
引ったくり,1,ヒッタクリ,0
引ったくる,1,ヒッタクル,0
引っ張る,1,ヒッパル,0
櫃,1,ヒツ,0
羊,1,ヒツジ,0
必要,1,ヒツヨウ,0
人,1,ヒト,0
人質,1,ヒトジチ,0
一つ,1,ヒトツ,0
一つ目小僧,4,ヒトツメコゾウ,0
一つも,2,ヒトツモ,0
人出,1,ヒトデ,0
人々,1,ヒトビト,0
一人,1,ヒトリ,0
雛,1,ヒナ,0
日向,1,ヒナタ,0
雛祭り,3,ヒナマツリ,0
雛人形,3,ヒナニンギョウ,0
ひね物,3,ヒネモン,0
捻る,1,ヒネル,0
日之丸,1,ヒノマル,0
日々,1,ヒビ,0
隙,1,ヒマ,0
姫,1,ヒメ,0
紐,1,ヒモ,0
紐解く,1,ヒモトク,0
神籬,1,ヒモロギ,0
百,1,ヒャク,0
冷や,0,ヒヤ,0
冷やす,1,ヒヤス,0
冷やっこい,3,ヒヤッコイ,0
冷ややか,1,ヒヤヤカ,0
拾ふ,2,ヒラウ,0
開く,1,ヒラク,0
平仮名,2,ヒラガナ,0
昼,1,ヒル,0
昼ご飯,3,ヒルゴハン,0
広い,1,ヒロイ,0
拾ふ,2,ヒロウ,0
広がる,1,ヒロガル,0
広げる,1,ヒロゲル,0
広まる,1,ヒロマル,0
広め,1,ヒロメ,0
広める,1,ヒロメル,0
跛,1,ビッコ,0
病院,1,ビョウイン,0
病気,1,ビョウキ,0
枇杷,1,ビワ,0
鬢,1,ビン,0
貧乏,1,ビンボウ,0
斑,0,フ,0
封筒,1,フウトウ,0
笛,1,フエ,0
増える,2,フエル,0
鱶,1,フカ,0
深い,1,フカイ,0
吹き出す,3,フキダス,0
吹き出る,3,フキデル,0
拭く,1,フク,0
副,1,フク-,0
複雑,1,フクザツ,0
復習する,0,フクシュウスル,0
膨らむ,1,フクラム,0
河豚,1,フグ,0
婦警,1,フケイ,0
総,1,フサ,0
節,1,フシ,0
藤,1,フジ,0
蓋,1,フタ,0
二つ,1,フタツ,0
二人,1,フタリ,0
札,1,フダ,0
淵,1,フチ,0
普通,2,フツウ,0
二日,1,フツカ,0
二日酔い,1,フツカヨイ,0
筆,1,フデ,0
太い,1,フトイ,0
太もも,2,フトモモ,0
鮒,1,フナ,0
舟遊び,2,フナアソビ,0
船底,3,フナゾコ,0
船旅,3,フナタビ,0
船着き場,4,フナツキバ,0
舟場,2,フナバ,0
船,1,フネ,0
不便,1,フベン,0
文,1,フミ,0
踏む,1,フム,0
増やす,2,フヤス,0
冬,1,フユ,0
振り,1,フリ,0
振込,1,フリコミ,0
振り込む,1,フリコム,0
降る,1,フル,0
篩,1,フルイ,0
振るふ,1,フルウ,0
震へる,1,フルエル,0
古塚,1,フルヅカ,0
風呂,1,フロ,0
分厚い,2,ブアツイ,0
ぶうちゃん,1,ブウチャン,0
豚,1,ブタ,0
豚肉,3,ブタニク,0
豚饅,1,ブタマン,0
部長,1,ブチョウ,0
仏,1,ブツ,0
ぶぶ漬け,3,ブブヅケ,0
鰤,1,ブリ,0
分,1,ブン,0
文章,1,ブンショウ,0
へ,1,ヘ,0
兵,1,ヘイ,0
凹み,1,ヘコミ,0
凹む,1,ヘコム,0
臍,1,ヘソ,0
下手,1,ヘタ,0
蛇,1,ヘビ,0
蛇蜻蛉,2,ヘビトンボ,0
部屋,1,ヘヤ,0
箆,1,ヘラ,0
減らす,1,ヘラス,0
縁,1,ヘリ,0
減る,1,ヘル,0
辺,1,ヘン,0
べかこ,2,ベカコ,0
べったん,3,ベッタン,0
別,1,ベツ,0
紅,1,ベニ,0
べべ,1,ベベ,0
べべた,1,ベベタ,0
べろ,1,ベロ,0
勉強,1,ベンキョウ,0
勉強する,0,ベンキョウスル,0
便利,1,ベンリ,0
ぺちゃこい,2,ペチャコイ,0
ぺちる,1,ペチル,0
穂,0,ホ,0
方法,1,ホウホウ,0
放る,1,ホウル,0
吠える,2,ホエル,0
頬,1,ホオ,0
他,1,ホカ,0
放す,1,ホカス,0
北西,1,ホクセイ,0
北東,1,ホクトウ,0
解す,1,ホグス,0
解れる,1,ホグレル,0
矛,1,ホコ,0
埃,1,ホコリ,0
ほざく,1,ホザク,0
星,1,ホシ,0
星田,1,ホシダ,0
干す,1,ホス,0
細い,1,ホソイ,0
臍,1,ホゾ,0
ほたえる,3,ホタエル,0
蛍,1,ホタル,0
欲する,3,ホッスル,0
ほっぺ,1,ホッペ,0
ほっぺた,2,ホッペタ,0
仏,1,ホトケ,0
迸る,1,ホトバシル,0
程,1,ホド,0
解く,1,ホドク,0
解ける,1,ホドケル,0
ほな,1,ホナ,0
骨,1,ホネ,0
炎,1,ホノオ,0
頬,1,ホホ,0
微笑み,1,ホホエミ,0
微笑む,1,ホホエム,0
略,1,ホボ,0
褒める,2,ホメル,0
法螺,0,ホラ,0
堀,1,ホリ,0
放る,1,ホル,0
本,1,ホン,0
本棚,0,ホンダナ,0
本当,3,ホントウ,0
ほんなら,2,ホンナラ,0
本真,0,ホンマ,0
棒,1,ボウ,0
貿易,1,ボウエキ,0
帽子,2,ボウシ,0
暈す,2,ボカス,0
僕,1,ボク,0
木瓜,1,ボケ,0
呆ける,2,ボケル,0
ぼちぼち,2,ボチボチ,0
ぼったくり,1,ボッタクリ,0
ぼったくる,1,ボッタクル,0
小火,1,ボヤ,0
鰡,1,ボラ,0
ぽっち,2,ポッチ,0
真,0,マ,0
舞,1,マイ,0
毎朝,2,マイアサ,0
毎週,2,マイシュウ,0
毎月,2,マイツキ,0
毎年,2,マイトシ,0
毎日,2,マイニチ,0
毎晩,2,マイバン,0
まう,1,マウ,0
舞う,0,マウ,0
まう,0,マウ（,0
前,0,マエ,0
前髪,2,マエガミ,0
紛ひ物,1,マガイモノ,0
勾玉,1,マガタマ,0
曲がった,1,マガッタ,0
曲がる,1,マガル,0
巻,1,マキ,0
纏向,1,マキムク,0
纏向遺跡,5,マキムクイセキ,0
紛れる,1,マギレル,0
巻く,1,マク,0
負け,1,マケ,0
負ける,1,マケル,0
曲げる,1,マゲル,0
真,1,マコト,0
孫,1,マゴ,0
正か,1,マサカ,0
正に,1,マサニ,0
まします,1,マシマス,0
真面目,2,マジメ,0
鱒,1,マス,0
不味い,1,マズイ,0
混ぜそば,2,マゼソバ,0
又,1,マタ,0
瞬く間に,3,マタタクマニ,0
未だ,1,マダ,0
町,1,マチ,0
間違い,3,マチガイ,0
間違ふ,1,マチガウ,0
間違へた,3,マチガエタ,0
間違へる,1,マチガエル,0
間違うた,3,マチゴウタ,0
真っ直ぐ,2,マッスグ,0
真っ直ぐな,2,マッスグナ,0
待つ,1,マツ,0
睫毛,1,マツゲ,0
松原,1,マツバラ,0
松虫,1,マツムシ,0
祭,1,マツリ,0
祀る,1,マツル,0
まで,1,マデ,0
的,1,マト,0
窓,1,マド,0
惑ふ,1,マドウ,0
惑はす,1,マドワス,0
眼,1,マナコ,0
眼差,1,マナザシ,0
学ぶ,1,マナブ,0
間に合う,3,マニアウ,0
真似,1,マネ,0
目の当り,3,マノアタリ,0
瞬き,1,マバタキ,0
まほろば,1,マホロバ,0
儘,1,ママ,0
蝮,1,マムシ,0
忠実,1,マメ,0
豆だ,2,マメダ,0
豆撒き,2,マメマキ,0
守る,1,マモル,0
眉,1,マユ,0
眉毛,1,マユゲ,0
鞠,1,マリ,0
丸,1,マル,0
丸い,1,マルイ,0
丸太町,3,マルタマチ,0
丸っぽ,1,マルッポ,0
丸一日,4,マルイチニチ,0
稀,1,マレ,0
麿,1,マロ,0
回す,1,マワス,0
周り,1,マワリ,0
回る,1,マワル,0
まん,1,マン,0
名,0,マン,0
漫画,2,マンガ,0
真ん中,1,マンナカ,0
万年筆,0,マンネンヒツ,0
まんまんちゃん,2,マンマンチャン,0
見,0,ミ,0
みい,1,ミイ,0
見受ける,1,ミウケル,0
三重,1,ミエ,0
見える,2,ミエル,0
見掛け,1,ミカケ,0
見掛ける,1,ミカケル,0
御蔭橋,2,ミカゲバシ,0
帝,1,ミカド,0
磨く,1,ミガク,0
身代はり,1,ミガワリ,0
右,1,ミギ,0
御国,1,ミクニ,0
巫女,1,ミコ,0
神輿,1,ミコシ,0
陵,1,ミササギ,0
みさんざい,1,ミサンザイ,0
短い,2,ミジカイ,0
御簾,1,ミス,0
水,1,ミズ,0
湖,1,ミズウミ,0
自ら,1,ミズカラ,0
水臭い,3,ミズクサイ,0
水馬,3,ミズスマシ,0
水屋,1,ミズヤ,0
店,1,ミセ,0
見せる,2,ミセル,0
御薗橋,3,ミソノバシ,0
溝,1,ミゾ,0
みたい,1,ミタイ,0
三人,1,ミタリ,0
道,1,ミチ,0
道標,3,ミチシルベ,0
導く,1,ミチビク,0
満ちる,2,ミチル,0
三日,1,ミッカ,0
三つ,2,ミッツ,0
三津寺さん,1,ミッテラサン,0
三つ,1,ミツ,0
見つかる,1,ミツカル,0
見つける,1,ミツケル,0
三津寺,1,ミツデラ,0
緑,1,ミドリ,0
緑色,4,ミドリイロ,0
皆,1,ミナ,0
皆様,1,ミナサマ,0
皆さん,1,ミナサン,0
港,1,ミナト,0
皆迄,1,ミナマデ,0
南,1,ミナミ,0
南アメリカ,4,ミナミアメリカ,0
源,1,ミナモト,0
醜い,2,ミニクイ,0
峰,1,ミネ,0
美濃,1,ミノ,0
箕面,1,ミノオ,0
箕面山,4,ミノオヤマ,0
壬生,1,ミブ,0
耳,1,ミミ,0
蚯蚓,2,ミミズ,0
見目,1,ミメ,0
宮,1,ミヤ,0
都,1,ミヤコ,0
御世,1,ミヨ,0
見る,1,ミル,0
三輪,1,ミワ,0
三輪山,1,ミワヤマ,0
皆,1,ミンナ,0
御堂筋,1,ミドウスジ,0
六,0,ム,0
六日,1,ムイカ,0
向かう,1,ムカウ,0
迎え,1,ムカエ,0
昔,1,ムカシ,0
昔話,3,ムカシバナシ,0
百足,1,ムカデ,0
向き,1,ムキ,0
麦,1,ムギ,0
剥く,1,ムク,0
剥ける,1,ムケル,0
婿,1,ムコ,0
向こう,1,ムコウ,0
虫,1,ムシ,0
生す,1,ムス,0
息子,1,ムスコ,0
結ぶ,1,ムスブ,0
娘,1,ムスメ,0
むずい,1,ムズイ,0
無駄,1,ムダ,0
鞭,1,ムチ,0
六つ,1,ムッツ,0
陸奥,1,ムツ,0
睦む,1,ムツム,0
旨,1,ムネ,0
村,1,ムラ,0
紫,1,ムラサキ,0
紫貽貝,4,ムラサキイガイ,0
無理,1,ムリ,0
室,1,ムロ,0
女,0,メ,0
姪,1,メイ,0
目方,2,メカタ,0
和布蕪,2,メカブ,0
眼鏡,1,メガネ,0
盲,1,メクラ,0
巡る,1,メグル,0
目先,2,メサキ,0
目覚め,1,メザメ,0
目覚めた,2,メザメタ,0
目覚める,1,メザメル,0
飯,1,メシ,0
召し上がる,1,メシアガル,0
雌,1,メス,0
珍しい,3,メズラシイ,0
目高,2,メダカ,0
馬手,1,メテ,0
目ばちこ,1,メバチコ,0
女々しい,2,メメシイ,0
面接,1,メンセツ,0
藻,0,モ,0
もう,1,モウ,0
もう一度,0,モウイチド,0
儲かる,1,モウカル,0
設ける,1,モウケル,0
申し上げる,1,モウシアゲル,0
申し訳,1,モウシワケ,0
申す,1,モウス,0
燃える,1,モエル,0
木曜日,3,モクヨウビ,0
潜る,1,モグル,0
若し,1,モシ,0
百舌,1,モズ,0
海蘊,1,モズク,0
齎す,1,モタラス,0
餅,1,モチ,0
用ゐる,3,モチイル,0
持ち堪える,5,モチコタエル,0
以て,0,モッテ,0
持つ,1,モツ,0
元,1,モト,0
戻す,1,モドス,0
戻る,1,モドル,0
物,1,モノ,0
物事,1,モノゴト,0
物差し,3,モノサシ,0
物凄く,3,モノスゴク,0
物干し竿,4,モノホシザオ,0
最早,1,モハヤ,0
籾,1,モミ,0
もみ無い,2,モミナイ,0
揉む,1,モム,0
もむない,2,モムナイ,0
揉める,1,モメル,0
桃,1,モモ,0
燃やす,1,モヤス,0
貰ふ,1,モラウ,0
森,1,モリ,0
文,1,モン,0
問題,1,モンダイ,0
八,0,ヤ,0
咄,1,ヤア,0
灸,1,ヤイト,0
八重,1,ヤエ,0
八重歯,1,ヤエバ,0
八百屋,1,ヤオヤ,0
八百万,3,ヤオヨロズ,0
やから,1,ヤカラ,0
焼き栗,1,ヤキグリ,0
野球,2,ヤキュウ,0
山羊,1,ヤギ,0
焼く,1,ヤク,0
やくざ,1,ヤクザ,0
訳す,1,ヤクス,0
やくたい,2,ヤクタイ,0
やけど,1,ヤケド,0
野菜,2,ヤサイ,0
安い,1,ヤスイ,0
休み,0,ヤスミ,0
休む,1,ヤスム,0
休める,1,ヤスメル,0
痩せる,1,ヤセル,0
八千代,1,ヤチヨ,0
八つ,1,ヤッツ,0
やって来る,3,ヤッテクル,0
奴,1,ヤツ,0
やつす,1,ヤツス,0
八ツ橋,1,ヤツハシ,0
宿,1,ヤド,0
宿替え,3,ヤドガエ,0
梁,1,ヤナ,0
やない,2,ヤナイ,0
脂,1,ヤニ,0
屋根,1,ヤネ,0
やはり,1,ヤハリ,0
やばい,1,ヤバイ,0
藪,1,ヤブ,0
破る,2,ヤブル,0
破れる,3,ヤブレル,0
山,1,ヤマ,0
病,1,ヤマイ,0
山城,1,ヤマシロ,0
山田,2,ヤマダ,0
大和/倭,1,ヤマト,0
大和蝦,2,ヤマトエビ,0
大和川,2,ヤマトガワ,0
大和煮,1,ヤマトニ,0
闇,1,ヤミ,0
止む,1,ヤム,0
止め,1,ヤメ,0
止める,1,ヤメル,0
家守,1,ヤモリ,0
稍,1,ヤヤ,0
やや子,2,ヤヤコ,0
やら,0,ヤラ,0
槍,1,ヤリ,0
やる,1,ヤル,0
柔らかい,3,ヤワラカイ,0
やん,0,ヤン,0
やクザ,1,ヤクザ,0
やーさん,1,ヤーサン,0
湯,0,ユ,0
夕,1,ユウ,0
夕方,1,ユウガタ,0
夕食,1,ユウショク,0
夕飯,1,ユウハン,0
郵便局,3,ユウビンキョク,0
夕べ,0,ユウベ,0
有名,1,ユウメイ,0
夕刻,1,ユウコク,0
故,1,ユエ,0
ゆえに,1,ユエニ,0
床,1,ユカ,0
歪む,1,ユガム,0
雪,1,ユキ,0
湯気,0,ユゲ,0
輸出する,0,ユシュツスル,0
譲り合ひ,1,ユズリアイ,0
譲り合ふ,1,ユズリアウ,0
譲る,1,ユズル,0
茹だる,2,ユダル,0
茹で栗,2,ユデグリ,0
茹でる,2,ユデル,0
輸入する,0,ユニュウスル,0
湯葉,1,ユバ,0
指,1,ユビ,0
指輪,1,ユビワ,0
弓,1,ユミ,0
努,1,ユメ,0
努々,1,ユメユメ,0
百合,1,ユリ,0
許す,1,ユルス,0
緩む,1,ユルム,0
緩める,1,ユルメル,0
よ,0,ヨ,0
夜明け,2,ヨアケ,0
宵,1,ヨイ,0
能う,1,ヨウ,0
用意する,0,ヨウイスル,0
能う言わんわ,5,ヨウイワンワ,0
良うお越し,1,ヨウオコシ,0
八日,1,ヨウカ,0
良うこその御運びで,5,ヨウコソノオハコビデ,0
洋食,1,ヨウショク,0
酔ふた,2,ヨウタ,0
洋服,1,ヨウフク,0
夜着,1,ヨギ,0
良く,1,ヨク,0
欲望,1,ヨクボウ,0
良げ,1,ヨゲ,0
横,1,ヨコ,0
横たへる,1,ヨコタエル,0
横たはる,1,ヨコタワル,0
汚す,1,ヨゴス,0
汚れる,1,ヨゴレル,0
良さ,1,ヨサ,0
由,1,ヨシ,0
寄す,1,ヨス,0
余所,1,ヨソ,0
装ひ,1,ヨソオイ,0
装ふ,1,ヨソオウ,0
四人,1,ヨタリ,0
四日,1,ヨッカ,0
四つ,2,ヨッツ,0
酔っ払ふ,4,ヨッパラウ,0
酔っ払ふた,3,ヨッパロウタ,0
四つ,1,ヨツ,0
四足,3,ヨツアシ,0
夜伽,1,ヨトギ,0
淀,0,ヨド,0
淀川,1,ヨドガワ,0
淀屋橋,3,ヨドヤバシ,0
呼ばれる,1,ヨバレル,0
呼ぶ,1,ヨブ,0
読む,1,ヨム,0
嫁,1,ヨメ,0
四方,1,ヨモ,0
予約する,0,ヨヤクスル,0
世々,1,ヨヨ,0
より,1,ヨリ,0
寄る,1,ヨル,0
鎧,1,ヨロイ,0
宜しい,2,ヨロシイ,0
夜半,1,ヨワ,0
齢,1,ヨワイ,0
弱まる,1,ヨワマル,0
弱める,1,ヨワメル,0
弱る,1,ヨワル,0
四個,1,ヨンコ,0
四人,2,ヨニン,0
等,0,ラ,0
来月,1,ライゲツ,0
来週,1,ライシュウ,0
rider,1,ライダー,0
雷鳥,1,ライチョウ,0
right,1,ライト,0
来年,3,ライネン,0
楽,1,ラク,0
落書き,1,ラクガキ,0
落語,2,ラクゴ,0
落語家,3,ラクゴカ,0
らしい,1,ラシイ,0
羅紗,1,ラシャ,0
radio,1,ラジオ,0
埒,1,ラチ,0
喇叭,2,ラッパ,0
られる,1,ラレル,0
乱,1,ラン,0
離婚する,0,リコンスル,0
立派,2,リッパ,0
留学する,0,リュウガクスル,0
留学生,3,リュウガクセイ,0
理由,1,リユウ,0
両親,1,リョウシン,0
両生類,3,リョウセイルイ,0
料理,1,リョウリ,0
旅行,2,リョコウ,0
履歴書,3,リレキショ,0
輪廻,1,リンネ,0
零,1,レイ,0
冷蔵庫,3,レイゾウコ,0
冷凍する,0,レイトウスル,0
練習,1,レンシュウ,0
連絡する,0,レンラクスル,0
ろ,0,ロ,0
廊下,1,ロウカ,0
六,1,ロク,0
わ,0,ワ,0
若い,1,ワカイ,0
沸かす,1,ワカス,0
別つ,2,ワカツ,0
若布,1,ワカメ,0
若者,3,ワカモノ,0
解りみ,1,ワカリミ,0
分かる,1,ワカル,0
分かれる,1,ワカレル,0
我が,1,ワガ,0
吾輩,3,ワガハイ,0
脇,1,ワキ,0
湧く,1,ワク,0
訳,1,ワケ,0
分ける,2,ワケル,0
和子,1,ワコ,0
若人,2,ワコウド,0
山葵,1,ワサビ,0
技,1,ワザ,0
鷲,1,ワシ,0
和食,2,ワショク,0
忘れる,1,ワスレル,0
僅か,1,ワズカ,0
早稲,1,ワセ,0
綿,1,ワタ,0
私,3,ワタクシ,0
私,2,ワタシ,0
私達,2,ワタシタチ,0
渡す,1,ワタス,0
渡る,1,ワタル,0
わて,1,ワテ,0
罠,1,ワナ,0
鰐,1,ワニ,0
和服,2,ワフク,0
わや,1,ワヤ,0
藁,1,ワラ,0
笑ひ声,4,ワライゴエ,0
笑ふ,1,ワラウ,0
笑かす,1,ワラカス,0
草鞋,2,ワラジ,0
割,1,ワリ,0
割合,1,ワリアイ,0
割と,2,ワリト,0
割る,1,ワル,0
悪,0,ワル,0
悪い,1,ワルイ,0
割れ,1,ワレ,0
我,1,ワレ,0
我等,0,ワレラ,0
割れる,1,ワレル,0
我々,3,ワレワレ,0
を,1,ヲ,0
んか,1,ンカ,0
愛らしい,3,アイラシイ,0
相棒,1,アイボウ,0
悪,1,アク,0
悪魔,1,アクマ,0
阿修羅,1,アシュラ,0
Asia,1,アジア,0
圧搾,1,アッサク,0
アッポちん,4,アッポチン,0
阿呆,0,アホ,0
阿呆臭い,2,アホクサイ,0
阿呆垂れ,2,アホタレ,0
阿呆,1,アホウ,0
阿呆んだら,3,アホンダラ,0
案,1,アン,0
餡子,2,アンコ,0
餡転,1,アンコロ,0
案の定,3,アンノジョウ,0
暗黒,1,アンク,0
暗愚,1,アング,0
暗黒,1,アンコク,0
アンポンたん,3,アンポンタン,0
位,1,イ,0
以下,1,イカ,0
威嚇,2,イカク,0
医科大,3,イカダイ,0
医科大学,2,イカダイガク,0
遺憾,2,イカン,0
意外,2,イガイ,0
意外と,3,イガイト,0
粋,1,イキ,0
意義,1,イギ,0
囲碁,1,イゴ,0
医師,1,イシ,0
意趣,1,イシュ,0
維新,1,イシン,0
維持,1,イジ,0
意地汚い,4,イジキタナイ,0
以上,1,イジョウ,0
以前,1,イゼン,0
医大,2,イダイ,0
一,1,イチ,0
一位,1,イチイ,0
一日中,1,イチニチジュウ,0
一個,1,イッコ,0
一個も,2,イッコモ,0
意図,1,イト,0
移動,2,イドウ,0
衣服,1,イフク,0
illumination,3,イルミネーション,0
印,1,イン,0
陰鬱,1,インウツ,0
印鑑,1,インカン,0
ink,1,インキ,0
印象,1,インショウ,0
飲食,1,インショク,0
院政,1,インセイ,0
一丁噛み,3,インチョガミ,0
印度,1,インド,0
有為,1,ウイ,0
virus,1,ウイルス,0
味覇,1,ウェイパー,0
羽化,1,ウカ,0
宇宙,1,ウチュウ,0
鬱,1,ウツ,0
饂飩,1,ウドン,0
右翼,1,ウヨク,0
運,1,ウン,0
運営,1,ウンエイ,0
運送,1,ウンソウ,0
雲梯,1,ウンテイ,0
運動,1,ウンドウ,0
運動場,2,ウンドウジョウ,0
運命,1,ウンメイ,0
絵,0,エ,0
描く,1,エガク,0
永遠,1,エイエン,0
永久,1,エイキュウ,0
営業,1,エイギョウ,0
栄光,1,エイコウ,0
英断,1,エイダン,0
英雄,1,エイユウ,0
鋭利な,1,エイリナ,0
英霊,1,エイレイ,0
益,1,エキ,0
ego se-,1,エゴサ,0
絵師,1,エシ,0
江戸,1,エド,0
恵方巻,1,エホウマキ,0
笑み,1,エミ,0
emoい,1,エモイ,0
嬰,1,エン-,0
遠隔,1,エンカク,0
塩基,2,エンキ,0
演技,1,エンギ,0
縁起物,4,エンギモノ,0
演奏,1,エンソウ,0
entertainment,4,エンターテインメント,0
塩分,1,エンブン,0
遠方,1,エンポウ,0
ace,1,エース,0
王,1,オウ,0
王国,1,オウコク,0
王者,1,オウジャ,0
殴打,1,オウダ,0
嘔吐,1,オウト,0
横柄,1,オウヘイ,0
応募,2,オウボ,0
臆,1,オク,0
汚染,2,オセン,0
汚濁,2,オダク,0
オッさん,1,オッサン,0
落し文,3,オトシブミ,0
恩,1,オン,0
音楽,1,オンガク,0
音痴,1,オンチ,0
甲斐,1,カイ,0
下位,1,カイ,0
会,1,カイ,0
快哉,1,カイサイ,0
開始,2,カイシ,0
膾炙,1,カイシャ,0
楷書,2,カイショ,0
解消,1,カイショウ,0
甲斐性,1,カイショウ,0
怪人,1,カイジン,0
改善,1,カイゼン,0
回転,1,カイテン,0
回転焼き,1,カイテンヤキ,0
快方,1,カイホウ,0
介抱,1,カイホウ,0
会報,3,カイホウ,0
加害,2,カガイ,0
下記,1,カキ,0
核,0,カク,0
角ばった,4,カクバッタ,0
架空,2,カクウ,0
革新,1,カクシン,0
確実,1,カクジツ,0
覚醒,1,カクセイ,0
拡大,1,カクダイ,0
拡張,1,カクチョウ,0
挌闘,1,カクトウ,0
確認,1,カクニン,0
革命,1,カクメイ,0
家具,1,カグ,0
過去,1,カコ,0
過去形,3,カコケイ,0
下肢,1,カシ,0
家臣,1,カシン,0
果実,1,カジツ,0
過剰,2,カジョウ,0
課題,2,カダイ,0
閣下,1,カッカ,0
恰好良い,3,カッコイイ,0
活躍,1,カツヤク,0
活用,1,カツヨウ,0
歌道,1,カドウ,0
家内,1,カナイ,0
Canaan,1,カナン,0
河南町,1,カナンチョウ,0
canelé,1,カヌレ,0
化膿,2,カノウ,0
可能性,4,カノウセイ,0
cam/CAM,1,カム,0
camera,1,カメラ,0
加薬,2,カヤク,0
加薬御飯,3,カヤクゴハン,0
火曜,1,カヨウ,0
歌謡曲,1,カヨウキョク,0
官,1,カン,0
感じ,1,カンジ,0
感ずる,1,カンスル,0
感ずる,1,カンズル,0
感覚,1,カンカク,0
喚起,1,カンキ,0
癇性病み,4,カンショヤミ,0
癇性病み,4,カンショウヤミ,0
感情,1,カンジョウ,0
環状線,1,カンジョウセン,0
完全変態,5,カンゼンヘンタイ,0
乾燥,1,カンソウ,0
肝臓,3,カンソウ,0
邯鄲,1,カンタン,0
感嘆,1,カンタン,0
関東炊き,1,カントウダキ,0
感動,1,カンドウ,0
勘当,3,カンドウ,0
堪忍,2,カンニン,0
堪忍な,2,カンニンナ,0
観音,3,カンノン,0
管理,1,カンリ,0
完了形,1,カンリョウケイ,0
我,0,ガ,0
害,1,ガイ,0
外見,3,ガイケン,0
骸骨,1,ガイコツ,0
害児,1,ガイジ,0
凱旋,3,ガイセン,0
外面,3,ガイメン,0
餓鬼,1,ガキ,0
学,1,ガク,0
額,1,ガク,0
学園祭,3,ガクエンサイ,0
学習,1,ガクシュウ,0
学生運動,5,ガクセイウンドウ,0
学園祭,4,ガクセンサイ,0
学年,1,ガクネン,0
学年集会,5,ガクネンシュウカイ,0
学年主任,5,ガクネンシュニン,0
学問,1,ガクモン,0
gas,1,ガス,0
ガソリン,1,ガソリン,0
学級崩壊,4,ガッキュウホウカイ,0
我慢,1,ガマン,0
願,1,ガン,0
頑強,1,ガンキョウ,0
頑固,1,ガンコ,0
元日,3,ガンジツ,0
岩石,1,ガンセキ,0
元旦,1,ガンタン,0
gar,1,ガー,0
季,0,キ,0
奇異,1,キイ,0
帰依,1,キエ,0
記憶,2,キオク,0
機会,1,キカイ,0
器官,1,キカン,0
危機,1,キキ,0
菊,1,キク,0
器具,1,キグ,0
喜劇,1,キゲキ,0
喜劇的,1,キゲキテキ,0
機嫌,1,キゲン,0
機材,1,キザイ,0
汽車,1,キシャ,0
キショい,1,キショイ,0
気色,1,キショク,0
鬼神,1,キシン,0
鬼籍,1,キセキ,0
奇想天外,1,キソウテンガイ,0
毀損,2,キソン,0
寄贈,2,キゾウ,0
機体,2,キタイ,0
稀代,2,キダイ,0
機長,1,キチョウ,0
急度,2,キット,0
喫煙,1,キツエン,0
吃音,1,キツオン,0
奇天烈,3,キテレツ,0
鬼道,1,キドウ,0
畿内,1,キナイ,0
寄付,1,キフ,0
希望,2,キボウ,0
奇妙,1,キミョウ,0
客,1,キャク,0
cap,1,キャップ,0
急,1,キュウ,0
究極,1,キュウキョク,0
給食,1,キュウショク,0
救世主,2,キュウセイシュ,0
吸着,1,キュウチャク,0
キュウテイ,1,キュウテイ,0
挙,1,キョ,0
経,1,キョウ,0
興じる,3,キョウジル,0
興ずる,3,キョウズル,0
京田辺,3,キョウタナベ,0
兇悪,1,キョウアク,0
教会,1,キョウカイ,0
教科書,2,キョウカショ,0
凶器,1,キョウキ,0
共産主義,5,キョウサンシュギ,0
共産党,1,キョウサントウ,0
教師,1,キョウシ,0
教授,1,キョウジュ,0
競争,1,キョウソウ,0
強大,1,キョウダイ,0
兄弟愛,2,キョウダイアイ,0
強敵,1,キョウテキ,0
京都,1,キョウト,0
教頭,1,キョウトウ,0
京都大学,4,キョウトダイガク,0
京橋,1,キョウバシ,0
恐怖,1,キョウフ,0
胸部,1,キョウブ,0
恐竜,1,キョウリュウ,0
許可,1,キョカ,0
虚偽,1,キョギ,0
虚構,2,キョコウ,0
巨人,1,キョジン,0
許諾,2,キョダク,0
許容,2,キョヨウ,0
綺麗な,1,キレイナ,0
琴,1,キン,0
禁じる,3,キンジル,0
禁ずる,3,キンズル,0
禁煙,1,キンエン,0
禁忌,1,キンキ,0
近畿地方,3,キンキチホウ,0
king,1,キング,0
禁止,2,キンシ,0
近所,1,キンジョ,0
近接,1,キンセツ,0
キンダン,1,キンダン,0
近鉄電車,4,キンテツデンシャ,0
近隣,1,キンリン,0
key,1,キー,0
儀,1,ギ,0
擬人化,3,ギジンカ,0
議題,2,ギダイ,0
欺瞞,2,ギマン,0
疑問文,1,ギモンブン,0
求肥,2,ギュウヒ,0
御意,1,ギョイ,0
行,1,ギョウ,0
行儀,2,ギョウギ,0
仰山,2,ギョウサン,0
魚類,1,ギョルイ,0
義理,1,ギリ,0
銀,1,ギン,0
九,0,ク,0
quiz,1,クイズ,0
queen,1,クイーン,0
空,1,クウ,0
空港,1,クウコウ,0
空想,3,クウソウ,0
久遠,1,クオン,0
公家,1,クゲ,0
孔雀,1,クジャク,0
躯体,2,クタイ,0
屈強,1,クッキョウ,0
苦難,1,クナン,0
区別,1,クベツ,0
供養,1,クヨウ,0
classmate,4,クラスメイト,0
christmas,3,クリスマス,0
crew,1,クルー,0
crayon,1,クレヨン,0
crêpes,1,クレープ,0
clover,1,クローバー,0
君子,1,クンシ,0
具,0,グ,0
具合,1,グアイ,0
愚者,1,グシャ,0
愚痴,1,グチ,0
愚鈍,2,グドン,0
愚昧,2,グマイ,0
grip,1,グリップ,0
group,1,グループ,0
愚劣,2,グレツ,0
紅蓮,1,グレン,0
群,1,グン,0
気,0,ケ,0
気高い,2,ケダカイ,0
刑,1,ケイ,0
経営,1,ケイエイ,0
景観,1,ケイカン,0
蛍光pen,3,ケイコウペン,0
警視,1,ケイシ,0
刑事,1,ケイジ,0
携帯,1,ケイタイ,0
携帯電話,5,ケイタイデンワ,0
京阪,1,ケイハン,0
京阪神,3,ケイハンシン,0
京阪電車,5,ケイハンデンシャ,0
京阪奈,3,ケイハンナ,0
刑務所,2,ケイムショ,0
形容詞,3,ケイヨウシ,0
形容動詞,5,ケイヨウドウシ,0
袈裟,1,ケサ,0
芥子,1,ケシ,0
化身,1,ケシン,0
結果,2,ケッカ,0
結社,2,ケッシャ,0
継体さん,2,ケッタイサン,0
卦体な,2,ケッタイナ,0
決定,1,ケッテイ,0
決断,1,ケツダン,0
化土,1,ケド,0
懸念,2,ケネン,0
件,1,ケン,0
喧嘩,1,ケンカ,0
見学,1,ケンガク,0
県警,1,ケンケイ,0
検察,1,ケンサツ,0
検事,1,ケンジ,0
賢者,1,ケンジャ,0
建築,1,ケンチク,0
建築物,4,ケンチクブツ,0
県道,1,ケンドウ,0
件名,1,ケンメイ,0
cake,1,ケーキ,0
ケーワイ,2,ケーワイ,0
芸,1,ゲイ,0
迎撃,1,ゲイゲキ,0
外科,1,ゲカ,0
劇場,1,ゲキジョウ,0
撃沈,1,ゲキチン,0
撃破,1,ゲキハ,0
下戸,1,ゲコ,0
夏至,1,ゲシ,0
下手人,3,ゲシュニン,0
下女,1,ゲジョ,0
下衆,0,ゲス,0
下衆い,1,ゲスイ,0
下賎,2,ゲセン,0
月曜,3,ゲツヨウ,0
下劣,2,ゲレツ,0
元凶,1,ゲンキョウ,0
原告,1,ゲンコク,0
源五郎,1,ゲンゴロウ,0
原罪,1,ゲンザイ,0
減少,1,ゲンショウ,0
現実,3,ゲンジツ,0
厳密,1,ゲンミツ,0
game,1,ゲーム,0
個,1,コ,0
公,1,コウ,0
幸運,1,コウウン,0
公会,1,コウカイ,0
好感,1,コウカン,0
好機,1,コウキ,0
皇居,1,コウキョ,0
公共,1,コウキョウ,0
厚遇,1,コウグウ,0
攻撃,1,コウゲキ,0
高校生,2,コウコウセイ,0
皇国,1,コウコク,0
絞殺,1,コウサツ,0
口座,2,コウザ,0
孔子,1,コウシ,0
硬質,1,コウシツ,0
校舎,1,コウシャ,0
公衆,1,コウシュウ,0
交渉,1,コウショウ,0
高速道路,5,コウソクドウロ,0
後続,1,コウゾク,0
甲虫,1,コウチュウ,0
校長,1,コウチョウ,0
工程,1,コウテイ,0
高等学校,4,コウトウガッコウ,0
交付,2,コウフ,0
後部,1,コウブ,0
好物,1,コウブツ,0
神戸,1,コウベ,0
高邁,1,コウマイ,0
降臨,1,コウリン,0
国語,1,コクゴ,0
国体,1,コクタイ,0
国道,1,コクドウ,0
国文法,3,コクブンポウ,0
虚仮,1,コケ,0
個々,1,ココ,0
故障,1,コショウ,0
個人,1,コジン,0
個性,1,コセイ,0
個体,2,コタイ,0
固着,2,コチャク,0
固着性,4,コチャクセイ,0
国家,2,コッカ,0
骨格,3,コッカク,0
克己,2,コッキ,0
kop,1,コップ,0
骨,1,コツ,0
籠手,1,コテ,0
古都,1,コト,0
孤独,2,コドク,0
古墳,2,コフン,0
個別,2,コベツ,0
孤立,2,コリツ,0
紺,1,コン,0
concrete,3,コンクリート,0
今後,2,コンゴ,0
金色,1,コンジキ,0
昆虫,1,コンチュウ,0
今晩は,1,コンバンハ,0
computer,2,コンピューター,0
昆布,1,コンブ,0
chorus,1,コーラス,0
語,1,ゴ,0
五位,1,ゴイ,0
業,1,ゴウ,0
号泣,1,ゴウキュウ,0
剛体,1,ゴウタイ,0
誤解,2,ゴカイ,0
蜚蠊,3,ゴキブリ,0
御近所さん,1,ゴキンジョサン,0
獄,1,ゴク,0
極悪,1,ゴクアク,0
五個,1,ゴコ,0
御座,1,ゴザ,0
御所,1,ゴショ,0
後世,1,ゴセ,0
御器被り,4,ゴッカブリ,0
五度,1,ゴド,0
五人,2,ゴニン,0
御飯,1,ゴハン,0
御免やす,3,ゴメンヤス,0
御用,1,ゴヨウ,0
娯楽,2,ゴラク,0
御寮人さん,2,ゴリョンサン,0
gorilla,1,ゴリラ,0
ghost writer,5,ゴーストライター,0
才,1,サイ,0
最強,1,サイキョウ,0
細菌,1,サイキン,0
cyclone,1,サイクロン,0
再考,1,サイコウ,0
最初,2,サイショ,0
最新,1,サイシン,0
最弱,1,サイジャク,0
最前,2,サイゼン,0
嵯峨,1,サガ,0
柵,1,サク,0
削減,1,サクゲン,0
作成,1,サクセイ,0
作品,1,サクヒン,0
些細,1,ササイ,0
sus,1,サス,0
沙汰,1,サタ,0
差別,1,サベツ,0
些末,2,サマツ,0
左翼,1,サヨク,0
三位,1,サンイ,0
三角,1,サンカク,0
三角形,2,サンカクケイ,0
三個,2,サンコ,0
参考書,1,サンコウショ,0
山椒魚,3,サンショウウオ,0
参上,1,サンジョウ,0
三人,2,サンニン,0
財産,1,ザイサン,0
在宅,3,ザイタク,0
在日朝鮮人,6,ザイニチョウセンジン,0
座席,2,ザセキ,0
雑菌,1,ザッキン,0
雑食,1,ザッショク,0
雑,1,ザツ,0
雑音,1,ザツオン,0
残党,1,ザントウ,0
師,1,シ,0
思惟,1,シイ,0
恣意的,1,シイテキ,0
歯科,1,シカ,0
四角,1,シカク,0
四角い,2,シカクイ,0
四角形,1,シカクケイ,0
市街地,1,シガイチ,0
四季,1,シキ,0
至近,2,シキン,0
市警,1,シケイ,0
試験,1,シケン,0
刺激,2,シゲキ,0
思考,1,シコウ,0
四国,1,シコク,0
使者,1,シシャ,0
試写会,1,シシャカイ,0
四捨五入,1,シシャゴニュウ,0
四条,1,シジョウ,0
四條畷,3,シジョウナワテ,0
自然,1,シゼン,0
自然と,3,シゼント,0
支度,2,シタク,0
質,1,シチ,0
市長,1,シチョウ,0
漆黒,1,シッコク,0
質素,2,シッソ,0
失踪,1,シッソウ,0
失礼,1,シツレ,0
死出,1,シデ,0
指導,2,シドウ,0
脂肪,2,シボウ,0
使命,1,シメイ,0
社,1,シャ,0
釈迦,1,シャカ,0
社会,1,シャカイ,0
社会主義,3,シャカイシュギ,0
写経,2,シャキョウ,0
尺,1,シャク,0
尺取虫,3,シャクトリムシ,0
赤銅,1,シャクドウ,0
射撃,2,シャゲキ,0
娑婆,1,シャバ,0
shar-pen,3,シャーペン,0
主,1,シュ,0
週,1,シュウ,0
秀逸,1,シュウイツ,0
集会,1,シュウカイ,0
秀才,1,シュウサイ,0
収縮,1,シュウシュク,0
集団,1,シュウダン,0
修得,1,シュウトク,0
終了,1,シュウリョウ,0
終礼,1,シュウレイ,0
終齢幼虫,5,シュウレイヨウチュウ,0
酒気帯び運転,5,シュキオビウンテン,0
宿,1,シュク,0
縮小,1,シュクショウ,0
宿敵,1,シュクテキ,0
宿命,1,シュクメイ,0
酒豪,1,シュゴウ,0
種子,1,シュシ,0
朱子学,1,シュシガク,0
主将,1,シュショウ,0
手段,1,シュダン,0
出処,2,シュッショ,0
主導,2,シュドウ,0
主任,2,シュニン,0
守備,1,シュビ,0
手話,1,シュワ,0
旬,1,シュン,0
瞬間,1,シュンカン,0
俊敏,1,シュンビン,0
書,1,ショ,0
生,1,ショウ,0
召喚,1,ショウカン,0
障碍,1,ショウガイ,0
障碍者,3,ショウガイシャ,0
障碍児,3,ショウガイジ,0
小学生,3,ショウガクセイ,0
小学校,4,ショウガッコウ,0
正月,3,ショウガツ,0
正気,2,ショウキ,0
将棋,2,ショウギ,0
精進,1,ショウジン,0
精進料理,4,ショウジンリョウリ,0
小生,1,ショウセイ,0
焼酎,2,ショウチュウ,0
ショウテン,1,ショウテン,0
小児,1,ショウニ,0
承認,1,ショウニン,0
商売,1,ショウバイ,0
消費,2,ショウヒ,0
正味,1,ショウミ,0
正面,3,ショウメン,0
消耗,1,ショウモウ,0
醤油,1,ショウユ,0
職,1,ショク,0
食す,1,ショクス,0
職員,1,ショクイン,0
職員室,3,ショクインシツ,0
植物,1,ショクブツ,0
食欲,1,ショクヨク,0
show,1,ショー,0
仕様,2,シヨウ,0
シリョウ,1,シリョウ,0
試煉,1,シレン,0
信,1,シン,0
信ずる,3,シンズル,0
深淵,1,シンエン,0
sinc,1,シンク,0
進行形,1,シンコウケイ,0
新興宗教,4,シンコウシュウキョウ,0
真実,1,シンジツ,0
信心,1,シンジン,0
新世界,2,シンセカイ,0
身体,1,シンタイ,0
進呈,1,シンテイ,0
神道,1,シントウ,0
心配,1,シンパイ,0
神秘,1,シンピ,0
新婦,1,シンプ,0
辛抱,1,シンボウ,0
森羅万象,1,シンラバンショウ,0
心理,1,シンリ,0
森林,1,シンリン,0
辞,1,ジ,0
地べた,1,ジベタ,0
似我蜂,1,ジガバチ,0
事件,1,ジケン,0
時刻,1,ジコク,0
地獄,1,ジゴク,0
地所,1,ジショ,0
地震,1,ジシン,0
地蔵,1,ジゾウ,0
実刑,1,ジッケイ,0
実te-,2,ジッテ,0
じて子,1,ジテコ,0
慈悲,1,ジヒ,0
時分,1,ジブン,0
自閉症,4,ジヘイショウ,0
地味,1,ジミ,0
自民党,4,ジミントウ,0
蛇,0,ジャ,0
邪気,1,ジャキ,0
蛇神,1,ジャシン,0
jack,1,ジャック,0
邪魔,1,ジャマ,0
銃,1,ジュウ,0
重視,1,ジュウシ,0
住職,1,ジュウショク,0
縦走,1,ジュウソウ,0
住宅街,3,ジュウタクガイ,0
重大,1,ジュウダイ,0
柔軟,1,ジュウナン,0
重要,1,ジュウヨウ,0
数珠,1,ジュズ,0
樹皮,1,ジュヒ,0
樹木,1,ジュモク,0
循環,1,ジュンカン,0
自由,1,ジユウ,0
帖,1,ジョウ,0
条件,3,ジョウケン,0
情緒,1,ジョウチョ,0
浄土,1,ジョウド,0
女子,1,ジョシ,0
女子校,3,ジョシコウ,0
女子高生,2,ジョシコウセイ,0
女子大,3,ジョシダイ,0
女子大生,2,ジョシダイセイ,0
joker,1,ジョーカー,0
仁,1,ジン,0
人工,1,ジンコウ,0
神社,1,ジンジャ,0
迅速,1,ジンソク,0
人呑鬼,3,ジンドンキ,0
水牛,1,スイギュウ,0
推参,1,スイサン,0
推薦,1,スイセン,0
垂直,1,スイチョク,0
水分,1,スイブン,0
水平,1,スイヘイ,0
睡眠,1,スイミン,0
水曜,3,スイヨウ,0
数,1,スウ,0
数学,1,スウガク,0
崇高,1,スウコウ,0
素饂飩,1,スウドン,0
spade,1,スペード,0
sma-pho-,2,スマホ,0
smartwatch,4,スマートウォッチ,0
smartphone,3,スマートフォン,0
寸,1,スン,0
図,0,ズ,0
厨子,1,ズシ,0
勢,1,セイ,0
正確な,3,セイカクナ,0
生活,3,セイカツ,0
生活指導,5,セイカツシドウ,0
正義,1,セイギ,0
制御,1,セイギョ,0
成功,1,セイコウ,0
政策,3,セイサク,0
清酒,2,セイシュ,0
正常,3,セイジョウ,0
成人式,3,セイジンシキ,0
製造,3,セイゾウ,0
聖断,1,セイダン,0
成虫,1,セイチュウ,0
整頓,1,セイトン,0
静謐,1,セイヒツ,0
政府,1,セイフ,0
生物,1,セイブツ,0
声明,1,セイメイ,0
整理,1,セイリ,0
整列,1,セイレツ,0
席,1,セキ,0
摂津,2,セッツ,0
接近,1,セッキン,0
摂取,1,セッシュ,0
節,1,セツ,0
切断,1,セツダン,0
刹那,1,セツナ,0
cello-t-,1,セロテ,0
線,1,セン,0
閃光,1,センコウ,0
戦士,1,センシ,0
戦場,1,センジョウ,0
宣誓,1,センセイ,0
先祖,1,センゾ,0
先端,1,センタン,0
旋転,1,センテン,0
千度,1,センド,0
先導,1,センドウ,0
是,1,ゼ,0
税,1,ゼイ,0
税金,1,ゼイキン,0
脆弱,1,ゼイジャク,0
絶対,1,ゼッタイ,0
絶望,1,ゼツボウ,0
絶妙,1,ゼツミョウ,0
是非,1,ゼヒ,0
是非共,3,ゼヒトモ,0
jelly,1,ゼリー,0
zero,1,ゼロ,0
善,1,ゼン,0
前者,1,ゼンシャ,0
善処,1,ゼンショ,0
全然,1,ゼンゼン,0
前部,1,ゼンブ,0
全容,1,ゼンヨウ,0
善良,1,ゼンリョウ,0
僧,1,ソウ,0
葬儀,1,ソウギ,0
葬式,2,ソウシキ,0
草食,1,ソウショク,0
送信,1,ソウシン,0
早々,1,ソウソウ,0
早々に,1,ソウソウニ,0
創造,1,ソウゾウ,0
相対,1,ソウタイ,0
相談,1,ソウダン,0
装置,1,ソウチ,0
装着,1,ソウチャク,0
相当,3,ソウトウ,0
想念,1,ソウネン,0
葬列,1,ソウレン,0
阻害,2,ソガイ,0
息,1,ソク,0
側面,1,ソクメン,0
楚々,1,ソソ,0
卒業,1,ソツギョウ,0
蕎麦,1,ソバ,0
損,1,ソン,0
損壊,1,ソンカイ,0
損害,1,ソンガイ,0
存在,1,ソンザイ,0
忖度,1,ソンタク,0
尊皇,1,ソンノウ,0
象,1,ゾウ,0
雑煮,2,ゾウニ,0
象虫,1,ゾウムシ,0
臓器,1,ゾウキ,0
増大,1,ゾウダイ,0
贈呈,1,ゾウテイ,0
臓物,1,ゾウモツ,0
贈与,1,ゾウヨ,0
草履,2,ゾウリ,0
俗,1,ゾク,0
存じる,3,ゾンジル,0
存ずる,3,ゾンズル,0
他,1,タ,0
対する,1,タイスル,0
体育,1,タイイク,0
体育館,4,タイイクカン,0
体育祭,4,タイイクサイ,0
体育祭,4,タイイクセイ,0
太子町,2,タイイチョウ,0
退学,1,タイガク,0
太古,1,タイコ,0
太鼓,2,タイコ,0
太鼓饅頭,3,タイコマンジュウ,0
太閤さん,1,タイコウサン,0
太子町,2,タイシチョウ,0
対処,1,タイショ,0
対象,1,タイショウ,0
大正,1,タイショウ,0
大将,1,タイショウ,0
対象化,1,タイショウカ,0
対照的,1,タイショウテキ,0
胎児,1,タイジ,0
対峙,2,タイジ,0
体操,1,タイソウ,0
大層,1,タイソウ,0
titan,1,タイタン,0
体調,1,タイチョウ,0
颱風,2,タイフウ,0
多機能pen,2,タキノウペン,0
tobacco,1,タバコ,0
端,1,タン,0
短歌,1,タンカ,0
tango,1,タンゴ,0
単純,1,タンジュン,0
探偵,1,タンテイ,0
担当,1,タントウ,0
担任,1,タンニン,0
tannin,1,タンニン,0
大,1,ダイ,0
大王,3,ダイオウ,0
大黄,3,ダイオウ,0
大学祭,4,ダイガクサイ,0
大学生,3,ダイガクセイ,0
大丈夫,3,ダイショウブ,0
大事,1,ダイジ,0
大地,1,ダイチ,0
大魔王,3,ダイマオウ,0
dia-,1,ダイヤ,0
打撃,2,ダゲキ,0
脱色,1,ダッショク,0
脱皮,2,ダッピ,0
doub-り,1,ダブリ,0
doub-る,1,ダブル,0
堕落,2,ダラク,0
壇,1,ダン,0
段,1,ダン,0
旦さん,3,ダンサン,0
地車,3,ダンジリ,0
男子,1,ダンシ,0
男子校,3,ダンシコウ,0
男子校,3,ダンショウ,0
単純,1,ダンジュン,0
弾性,1,ダンセイ,0
断然,1,ダンゼン,0
旦那,2,ダンナ,0
知,1,チ,0
地位,1,チイ,0
地域,1,チイキ,0
智慧,1,チエ,0
地球,2,チキュウ,0
畜生,1,チクショウ,0
遅刻,2,チコク,0
地上,2,チジョウ,0
知性,1,チセイ,0
遅々,1,チチ,0
tip/chip,1,チップ,0
知的,2,チテキ,0
知的障碍,3,チテキショウガイ,0
知的障碍者,3,チテキショウガイシャ,0
知的障碍児,3,チテキショウガイジ,0
知能,1,チノウ,0
致命的,4,チメイテキ,0
茶,0,チャ,0
着色,1,チャクショク,0
茶屋,1,チャヤ,0
チャリ毛,1,チャリゲ,0
チャリンコ,1,チャリンコ,0
忠,1,チュウ,0
中央,2,チュウオウ,0
中学,1,チュウガク,0
中学生,2,チュウガクセイ,0
中学校,2,チュウガッコウ,0
中心,3,チュウシン,0
中東,3,チュウトウ,0
中入,1,チュウニュ,0
churros,1,チュロス,0
兆,1,チョウ,0
懲役,1,チョウエキ,0
超越,1,チョウエツ,0
弔事,2,チョウジ,0
長寿,1,チョウジュ,0
超人,1,チョウジン,0
超絶,1,チョウゼツ,0
頂戴,1,チョウダイ,0
朝廷,1,チョウテイ,0
調理,1,チョウリ,0
朝礼,1,チョウレイ,0
調和,2,チョウワ,0
勅命,1,チョクメイ,0
貯蓄,2,チョチク,0
Chile,1,チリ,0
朕,1,チン,0
沈殿,1,チンデン,0
tour,1,ツアー,0
墜落,1,ツイラク,0
通天閣,2,ツウテンカク,0
通訳,1,ツウヤク,0
爪楊枝,1,ツマヨウジ,0
通夜,1,ツヤ,0
tool,1,ツール,0
亭,1,テイ,0
帝王,2,テイオウ,0
停学,1,テイガク,0
定刻,1,テイコク,0
低俗,1,テイゾク,0
低劣,1,テイレツ,0
tech-い,1,テクイ,0
手錠,2,テジョウ,0
鉄人,1,テツジン,0
鉄棒,1,テツボウ,0
televi-,1,テレビ,0
点,1,テン,0
天滓,3,テンカス,0
天下,1,テンカ,0
転勤,1,テンキン,0
典型,1,テンケイ,0
天国,1,テンゴク,0
天才,1,テンサイ,0
天使,1,テンシ,0
転生,1,テンショウ,0
転生,1,テンセイ,0
転送,1,テンソウ,0
天道虫,3,テントウムシ,0
天皇,2,テンノウ,0
天王寺,2,テンノウジ,0
添付,2,テンプ,0
天満,1,テンマ,0
天満橋,2,テンマバシ,0
disる,1,ディスル,0
泥酔,1,デイスイ,0
decoる,1,デコル,0
decoration,2,デコレーション,0
弟子,1,デシ,0
伝,1,デン,0
田園,1,デンエン,0
殿下,1,デンカ,0
電撃,1,デンゲキ,0
伝説,1,デンセツ,0
徒,1,ト,0
樋,1,トイ,0
党,1,トウ,0
東京,1,トウキョウ,0
東京タワー,5,トウキョウタワー,0
統御,1,トウギョ,0
凍結,1,トウケツ,0
倒産,1,トウサン,0
統治,1,トウチ,0
到着,1,トウチャク,0
頭部,1,トウブ,0
徳,1,トク,0
都市,1,トシ,0
土地,1,トチ,0
徳利,1,トックリ,0
tomato,1,トマト,0
trump,1,トランプ,0
塗料,1,トリョウ,0
tornado,3,トルネード,0
頓堀,3,トンボリ,0
度,0,ド,0
弩阿呆,1,ドアホ,0
弩阿呆,1,ドアホウ,0
独逸語,1,ドイツゴ,0
胴,1,ドウ,0
同志,1,ドウシ,0
同性愛,2,ドウセイアイ,0
同性愛者,4,ドウセイアイシャ,0
胴体,1,ドウタイ,0
道頓堀,3,ドウトンボリ,0
道頓堀川,5,ドウトンボリガワ,0
同盟,3,ドウメイ,0
同和,2,ドウワ,0
読経,1,ドキョウ,0
毒牙,1,ドクガ,0
独自,1,ドクジ,0
独立,1,ドクリツ,0
道修町,1,ドショウマチ,0
土瓶,2,ドビン,0
土曜,1,ドヨウ,0
driver,1,ドライバー,0
drive,1,ドライブ,0
努力,1,ドリョク,0
donuts,1,ドーナツ,0
内科,1,ナイカ,0
内蔵,3,ナイゾウ,0
内部,1,ナイフ,0
内部,1,ナイブ,0
内面,3,ナイメン,0
nowい,1,ナウィ,0
nowい,1,ナウイ,0
難,1,ナン,0
納戸,1,ナンド,0
難儀,1,ナンギ,0
何度,0,ナンド,0
ニ,0,ニ,0
二位,1,ニイ,0
肉食,1,ニクショク,0
二個,1,ニコ,0
日曜,3,ニチヨウ,0
日用品,1,ニチヨウヒン,0
日本,2,ニッポン,0
日本橋,4,ニッポンバシ,0
二度,1,ニド,0
日本酒,1,ニホンシュ,0
入学,1,ニュウガク,0
女房,1,ニョウボウ,0
任,1,ニン,0
人形,3,ニンギョウ,0
認識,1,ニンシキ,0
認知,1,ニンチ,0
仁徳さん,1,ニントクサン,0
熱する,3,ネッスル,0
捏造,1,ネツゾウ,0
涅槃,1,ネハン,0
念,1,ネン,0
年齢,1,ネンレイ,0
脳外,1,ノウゲ,0
脳神経外科,7,ノウシンケイゲカ,0
納品,1,ノウヒン,0
農民,3,ノウミン,0
note,1,ノート,0
note pe-so-con-,4,ノートパソコン,0
派,0,ハ,0
派手,1,ハデ,0
拝,1,ハイ,0
拝見,1,ハイケン,0
背後,1,ハイゴ,0
配達,1,ハイタツ,0
背面,1,ハイメン,0
破壊,2,ハカイ,0
拍,1,ハク,0
博愛,1,ハクアイ,0
迫害,1,ハクガイ,0
白銀,1,ハクギン,0
覇者,1,ハシャ,0
破邪,1,ハジャ,0
破損,2,ハソン,0
八福神,4,ハチフクジン,0
発狂,1,ハッキョウ,0
発祥,1,ハッショウ,0
発達障碍,5,ハッタツショウガイ,0
発音,1,ハツオン,0
hamster,1,ハムスター,0
hermoる,1,ハモル,0
波乱,2,ハラン,0
hurricane,3,ハリケーン,0
破裂,2,ハレツ,0
helloween,1,ハロウィン,0
ハワイ,1,ハワイ,0
判,1,ハン,0
判子,2,ハンコ,0
半裂き,3,ハンザキ,0
繁栄,1,ハンエイ,0
繁華街,2,ハンカガイ,0
阪急,1,ハンキュウ,0
阪急電車,5,ハンキュウデンシャ,0
判決,1,ハンケツ,0
阪神,1,ハンシン,0
阪神電車,5,ハンシンデンシャ,0
阪大,3,ハンダイ,0
阪奈,2,ハンナ,0
阪奈道路,3,ハンナドウロ,0
半分こ,3,ハンブンコ,0
半分,3,ハンプン,0
半分こ,3,ハンプンコ,0
斑猫,1,ハンミョウ,0
heart,1,ハート,0
倍,1,バイ,0
倍加,2,バイカ,0
黴菌,3,バイキン,0
bike,1,バイク,0
バイライフ,2,バイライフ,0
莫迦,1,バカ,0
莫迦,1,バカ-,0
場所,1,バショ,0
撥,1,バチ,0
飛蝗,2,バッタ,0
罰,1,バツ,0
banana,1,バナナ,0
馬場,1,ババ,0
bavarois,1,ババロア,0
bar,1,バー,0
パイライフ,2,パイライフ,0
pe-so-con-,3,パソコン,0
parfait,1,パフェ,0
pão,1,パン,0
pants,1,パンツ,0
panna cotta,5,パンナコッタ,0
碑,0,ヒ,0
被害,1,ヒガイ,0
悲劇,1,ヒゲキ,0
悲劇的,1,ヒゲキテキ,0
非行,2,ヒコウ,0
被告,2,ヒコク,0
皮脂,1,ヒシ,0
飛翔,2,ヒショウ,0
ヒジョウに,3,ヒジョウニ,0
質,1,ヒチ,0
必死,2,ヒッシ,0
否定形,4,ヒテイケイ,0
皮膚,1,ヒフ,0
秘密結社,3,ヒミツケッシャ,0
百姓,2,ヒャクショウ,0
表,1,ヒョウ,0
兵庫,1,ヒョウゴ,0
表面,3,ヒョウメン,0
披露宴,1,ヒロウエン,0
飛竜頭,1,ヒロウス,0
品詞,2,ヒンシ,0
美,1,ビ,0
微笑,2,ビショウ,0
微妙,2,ビミョウ,0
病原菌,1,ビョウゲンキン,0
病原体,1,ビョウゲンタイ,0
平等,3,ビョウドウ,0
Billiken,3,ビリケン,0
瓶,1,ビン,0
beer,1,ビール,0
pick,1,ピック,0
負,1,フ,0
封,1,フウ,0
風味,1,フウミ,0
不可,1,フカ,0
不可思議,1,フカシギ,0
不完全変態,5,フカンゼンヘンタイ,0
不吉,2,フキツ,0
服,1,フク,0
福笹,1,フクザサ,0
副詞,2,フクシ,0
副担,3,フクタン,0
副担任,3,フクタンニン,0
腹部,1,フクブ,0
梟,1,フクロウ,0
府警,1,フケイ,0
不在,2,フザイ,0
父子,1,フシ,0
不思議,1,フシギ,0
不思議と,3,フシギト,0
不自然,1,フシゼン,0
不信心,1,フシンジン,0
富士,1,フジ,0
婦人,1,フジン,0
不正確な,1,フセイカクナ,0
不足,2,フソク,0
付属,2,フゾク,0
不治,1,フチ,0
不調和,1,フチョウワ,0
復活,3,フッカツ,0
不敵,2,フテキ,0
不動,2,フドウ,0
不動産,4,フドウサン,0
不変,2,フヘン,0
不滅,2,フメツ,0
浮遊,2,フユウ,0
付与,1,フヨ,0
扶養,2,フヨウ,0
Fra語,1,フラゴ,0
France語,4,フランスゴ,0
不慮,1,フリョ,0
不良,2,フリョウ,0
freeze,1,フリーズ,0
不和,1,フワ,0
粉砕,1,フンサイ,0
武,1,ブ,0
不気味,2,ブキミ,0
武家,1,ブケ,0
武士,1,ブシ,0
無事,1,ブジ,0
仏教,2,ブッキョウ,0
仏国土,4,ブッコクド,0
仏陀,1,ブッダ,0
無頼,2,ブライ,0
部落,1,ブラク,0
無礼,1,ブレイ,0
文,1,ブン,0
文化,1,ブンカ,0
文化祭,2,ブンカサイ,0
分割,1,ブンカツ,0
文献,1,ブンケン,0
文武,1,ブンブ,0
文法,3,ブンポウ,0
分離,2,ブンリ,0
plus,1,プラス,0
pudding,1,プリン,0
陛下,1,ヘイカ,0
平和,2,ヘイワ,0
変,1,ヘン-,0
偏見,1,ヘンケン,0
変身,1,ヘンシン,0
変人,3,ヘンジン,0
変態,1,ヘンタイ,0
鼈甲,2,ベッコウ,0
鼈甲蜂,2,ベッコウバチ,0
蔑視,2,ベッシ,0
弁,1,ベン,0
ベンちゃら,3,ベンチャラ,0
勉学,1,ベンガク,0
弁護士,2,ベンゴシ,0
ベントウ,2,ベントウ,0
pen,1,ペン,0
pen尻,1,ペンジリ,0
pen回し,3,ペンマワシ,0
保育園,2,ホイクエン,0
保育園児,3,ホイクエンジ,0
whip- cream,5,ホイップクリーム,0
法,1,ホウ,0
崩壊,1,ホウカイ,0
方向,1,ホウコウ,0
方針,1,ホウシン,0
蜂雀,1,ホウジャク,0
宝石,1,ホウセキ,0
法定,1,ホウテイ,0
報土,1,ホウド,0
抱負,2,ホウフ,0
宝物,1,ホウモツ,0
歩行,2,ホコウ,0
反古,1,ホゴ,0
捕手,1,ホシュ,0
保持,1,ホジ,0
哺乳類,1,ホニュウルイ,0
保留,2,ホリュウ,0
本に,1,ホンニ,0
本真其れ,1,ホンマソレ,0
本真物,4,ホンマモン,0
本物,3,ホンモノ,0
本願寺,1,ホンガンジ,0
本能,1,ホンノウ,0
翻訳,1,ホンヤク,0
某,1,ボウ-,0
坊さん,3,ボウサン,0
望遠鏡,1,ボウエンキョウ,0
坊主,1,ボウズ,0
暴走,1,ボウソウ,0
暴走族,3,ボウソウゾク,0
傍聴,1,ボウチョウ,0
牧師,2,ボクシ,0
母系,2,ボケイ,0
菩薩,1,ボサツ,0
母子,1,ボシ,0
募集,2,ボシュウ,0
button,1,ボタン,0
襤褸い,1,ボロイ,0
坊,1,ボン,0
ball pen,3,ボールペン,0
Porguttugal,1,ポルゴットガル,0
Portugal,1,ポルトガル,0
魔,0,マ,0
馬子,1,マゴ,0
毎度,2,マイド,0
minus,1,マイナス,0
魔王,1,マオウ,0
摩訶不思議,1,マカフシギ,0
膜,1,マク,0
摩擦,2,マサツ,0
magician,1,マジシャン,0
magic,1,マジック,0
魔獣,1,マジュウ,0
魔人,1,マジン,0
末端,1,マッタン,0
抹茶,2,マッチャ,0
魔法,1,マホウ,0
魔力,1,マリョク,0
満員,1,マンイン,0
漫才,2,マンザイ,0
漫才師,2,マンザイシ,0
饅頭,1,マンジュウ,0
味方,1,ミカタ,0
味噌,1,ミソ,0
未知,1,ミチ,0
蜜,1,ミツ,0
蜜蜂,1,ミツバチ,0
妙,1,ミョウ,0
未来,1,ミライ,0
mille crêpes,4,ミルクレープ,0
mille feuille,3,ミルフィーユ,0
民進党,1,ミンシントウ,0
民事,1,ミンジ,0
民話,2,ミンワ,0
無,1,ム,0
無位,1,ムイ,0
無縁,2,ムエン,0
無可動,1,ムカドウ,0
無垢,1,ムク,0
無限,1,ムゲン,0
無効,2,ムコウ,0
無罪,1,ムザイ,0
武者,1,ムシャ,0
無地,1,ムジ,0
無上,2,ムジョウ,0
無双,2,ムソウ,0
無知,1,ムチ,0
無敵,2,ムテキ,0
無二,1,ムニ,0
無能,1,ムノウ,0
無用,2,ムヨウ,0
mousse,1,ムース,0
命,1,メイ,0
明快,1,メイカイ,0
名士,1,メイシ,0
明朗,1,メイロウ,0
mes,1,メス,0
滅茶,2,メッチャ,0
面,1,メン,0
喪,0,モ,0
木曜,3,モクヨウ,0
文字,1,モジ,0
物,1,モツ,0
門,1,モン,0
モンショウ,1,モンショウ,0
問題集,3,モンダイシュウ,0
motor pool,5,モータープール,0
厄,1,ヤク,0
厄払い,3,ヤクバライ,0
椰子,1,ヤシ,0
夜叉,1,ヤシャ,0
野望,1,ヤボウ,0
yankee,2,ヤンキー,0
唯一,1,ユイイツ,0
遊,1,ユウ,0
友愛,1,ユウアイ,0
融解,1,ユウカイ,0
遊戯,2,ユウギ,0
有効,1,ユウコウ,0
憂国,1,ユウコク,0
融合,1,ユウゴウ,0
有罪,1,ユウザイ,0
勇者,1,ユウシャ,0
憂愁,1,ユウシュウ,0
有終の美,1,ユウシュウノビ,0
郵送,1,ユウソウ,0
有能,1,ユウノウ,0
裕福,1,ユウフク,0
有用,1,ユウヨウ,0
幽霊,1,ユウレイ,0
幽霊,1,ユウレン,0
誘惑,1,ユウワク,0
所以,1,ユエン,0
油脂,1,ユシ,0
輸出,2,ユシュツ,0
輸送,2,ユソウ,0
-人,2,ユダヤジン,0
輸入,2,ユニュウ,0
湯屋,1,ユヤ,0
余,1,ヨ,0
ヨっぽど,1,ヨッポド,0
ヨほど,1,ヨホド,0
洋,1,ヨウ,0
様な,1,ヨウナ,0
妖怪,1,ヨウカイ,0
妖気,1,ヨウキ,0
容疑者,2,ヨウギシャ,0
ヨウサン,2,ヨウサン,0
楊枝,1,ヨウジ,0
幼稚園,2,ヨウチエン,0
幼稚園児,3,ヨウチエンジ,0
幼虫,1,ヨウチュウ,0
陽明学,3,ヨウメイガク,0
余計,1,ヨオケ,0
余興,2,ヨキョウ,0
慾,1,ヨク,0
餘慶,2,ヨケイ,0
余剰,2,ヨジョウ,0
余分,2,ヨブン,0
四位,1,ヨンイ,0
Europa,4,ヨーロッパ,0
拉致,1,ラチ,0
利,1,リ,0
利益,1,リエキ,0
理解,1,リカイ,0
利害,1,リガイ,0
ｒestru-,3,リストラ,0
理性,1,リセイ,0
離脱,2,リダツ,0
理知,1,リチ,0
略,1,リャク,0
流,1,リュウ,0
寮,1,リョウ,0
両性愛,3,リョウセイアイ,0
両性愛者,5,リョウセイアイシャ,0
輪,1,リン,0
隣接,1,リンセツ,0
倫理,1,リンリ,0
留守,1,ルス,0
流布,1,ルフ,0
瑠璃,1,ルリ,0
礼,1,レイ,0
礼儀,2,レイギ,0
冷遇,1,レイグウ,0
礼節,1,レイセツ,0
歴史,1,レキシ,0
recreation,3,レクリエーション,0
列,1,レツ,0
left,1,レフト,0
蓮華,2,レンゲ,0
爐,0,ロ,0
労,1,ロウ,0
老人,3,ロウジン,0
労働,1,ロウドウ,0
朗読,1,ロウドク,0
魯鈍,2,ロドン,0
論,1,ロン,0
論理,1,ロンリ,0
Roma字,2,ローマジ,0
和,0,ワ,0
和歌,1,ワカ,0
枠,1,ワク,0
惑星,1,ワクセイ,0
ワセリン,1,ワセリン,0
元表記など,0,単語,0